COUNTRY,YEAR_MONTH,total_events,total_fatalities,is_outlier_iqr,lag_1_events,event_change,rolling_3m
Afghanistan,2021-03,942,2135,1,1042.0,-100.0,1058.0
Afghanistan,2021-04,1102,3453,1,942.0,160.0,1028.6666666666667
Afghanistan,2021-05,1652,7527,1,1102.0,550.0,1232.0
Afghanistan,2021-06,1381,8042,1,1652.0,-271.0,1378.3333333333333
Afghanistan,2021-07,1297,10896,1,1381.0,-84.0,1443.3333333333333
Afghanistan,2021-08,412,3339,0,1297.0,-885.0,1030.0
Afghanistan,2021-09,179,193,0,412.0,-233.0,629.3333333333334
Afghanistan,2021-10,226,527,0,179.0,47.0,272.3333333333333
Afghanistan,2021-11,165,194,0,226.0,-61.0,190.0
Afghanistan,2021-12,198,189,0,165.0,33.0,196.33333333333334
Afghanistan,2022-01,346,360,0,198.0,148.0,236.33333333333334
Afghanistan,2022-02,284,276,0,346.0,-62.0,276.0
Afghanistan,2022-03,254,220,0,284.0,-30.0,294.6666666666667
Afghanistan,2022-04,383,598,0,254.0,129.0,307.0
Afghanistan,2022-05,302,401,0,383.0,-81.0,313.0
Afghanistan,2022-06,288,523,0,302.0,-14.0,324.3333333333333
Afghanistan,2022-07,276,422,0,288.0,-12.0,288.6666666666667
Afghanistan,2022-08,234,391,0,276.0,-42.0,266.0
Afghanistan,2022-09,250,383,0,234.0,16.0,253.33333333333334
Afghanistan,2022-10,260,335,0,250.0,10.0,248.0
Afghanistan,2022-11,147,134,0,260.0,-113.0,219.0
Afghanistan,2022-12,178,173,0,147.0,31.0,195.0
Afghanistan,2023-01,171,115,0,178.0,-7.0,165.33333333333334
Afghanistan,2023-02,134,90,0,171.0,-37.0,161.0
Afghanistan,2023-03,141,118,0,134.0,7.0,148.66666666666666
Afghanistan,2023-04,166,125,0,141.0,25.0,147.0
Afghanistan,2023-05,135,109,0,166.0,-31.0,147.33333333333334
Afghanistan,2023-06,88,56,0,135.0,-47.0,129.66666666666666
Afghanistan,2023-07,152,66,0,88.0,64.0,125.0
Afghanistan,2023-08,147,161,0,152.0,-5.0,129.0
Afghanistan,2023-09,155,120,0,147.0,8.0,151.33333333333334
Afghanistan,2023-10,97,95,0,155.0,-58.0,133.0
Afghanistan,2023-11,107,91,0,97.0,10.0,119.66666666666667
Afghanistan,2023-12,111,64,0,107.0,4.0,105.0
Afghanistan,2024-01,120,90,0,111.0,9.0,112.66666666666667
Afghanistan,2024-02,92,49,0,120.0,-28.0,107.66666666666667
Afghanistan,2024-03,120,157,0,92.0,28.0,110.66666666666667
Afghanistan,2024-04,80,88,0,120.0,-40.0,97.33333333333333
Afghanistan,2024-05,113,130,0,80.0,33.0,104.33333333333333
Afghanistan,2024-06,146,145,0,113.0,33.0,113.0
Afghanistan,2024-07,146,130,0,146.0,0.0,135.0
Afghanistan,2024-08,132,135,0,146.0,-14.0,141.33333333333334
Afghanistan,2024-09,117,139,0,132.0,-15.0,131.66666666666666
Afghanistan,2024-10,131,119,0,117.0,14.0,126.66666666666667
Afghanistan,2024-11,161,122,0,131.0,30.0,136.33333333333334
Afghanistan,2024-12,113,137,0,161.0,-48.0,135.0
Afghanistan,2025-01,120,63,0,113.0,7.0,131.33333333333334
Afghanistan,2025-02,138,148,0,120.0,18.0,123.66666666666667
Afghanistan,2025-03,87,94,0,138.0,-51.0,115.0
Afghanistan,2025-04,85,60,0,87.0,-2.0,103.33333333333333
Afghanistan,2025-05,144,58,0,85.0,59.0,105.33333333333333
Afghanistan,2025-06,61,48,0,144.0,-83.0,96.66666666666667
Afghanistan,2025-07,74,53,0,61.0,13.0,93.0
Afghanistan,2025-08,117,62,0,74.0,43.0,84.0
Afghanistan,2025-09,108,67,0,117.0,-9.0,99.66666666666667
Afghanistan,2025-10,150,206,0,108.0,42.0,125.0
Afghanistan,2025-11,111,83,0,150.0,-39.0,123.0
Afghanistan,2025-12,87,55,0,111.0,-24.0,116.0
Afghanistan,2026-01,131,55,0,87.0,44.0,109.66666666666667
American Samoa,2022-02,1,0,0,1.0,0.0,1.0
American Samoa,2022-05,1,0,0,1.0,0.0,1.0
American Samoa,2022-06,1,0,0,1.0,0.0,1.0
American Samoa,2022-12,1,0,0,1.0,0.0,1.0
American Samoa,2025-06,1,0,0,1.0,0.0,1.0
Antarctica,2022-03,2,0,0,3.0,-1.0,2.0
Antarctica,2022-09,1,0,0,2.0,-1.0,2.0
Antarctica,2023-09,1,0,0,1.0,0.0,1.3333333333333333
Antarctica,2024-04,1,0,0,1.0,0.0,1.0
Australia,2021-03,48,0,0,30.0,18.0,35.333333333333336
Australia,2021-04,20,0,0,48.0,-28.0,32.666666666666664
Australia,2021-05,97,0,0,20.0,77.0,55.0
Australia,2021-06,48,0,0,97.0,-49.0,55.0
Australia,2021-07,48,0,0,48.0,0.0,64.33333333333333
Australia,2021-08,85,0,0,48.0,37.0,60.333333333333336
Australia,2021-09,57,0,0,85.0,-28.0,63.333333333333336
Australia,2021-10,105,0,0,57.0,48.0,82.33333333333333
Australia,2021-11,105,0,0,105.0,0.0,89.0
Australia,2021-12,56,0,0,105.0,-49.0,88.66666666666667
Australia,2022-01,66,0,0,56.0,10.0,75.66666666666667
Australia,2022-02,62,0,0,66.0,-4.0,61.333333333333336
Australia,2022-03,72,0,0,62.0,10.0,66.66666666666667
Australia,2022-04,74,0,0,72.0,2.0,69.33333333333333
Australia,2022-05,62,0,0,74.0,-12.0,69.33333333333333
Australia,2022-06,53,0,0,62.0,-9.0,63.0
Australia,2022-07,69,0,0,53.0,16.0,61.333333333333336
Australia,2022-08,56,0,0,69.0,-13.0,59.333333333333336
Australia,2022-09,59,0,0,56.0,3.0,61.333333333333336
Australia,2022-10,120,1,0,59.0,61.0,78.33333333333333
Australia,2022-11,81,0,0,120.0,-39.0,86.66666666666667
Australia,2022-12,42,6,0,81.0,-39.0,81.0
Australia,2023-01,45,0,0,42.0,3.0,56.0
Australia,2023-02,23,0,0,45.0,-22.0,36.666666666666664
Australia,2023-03,68,0,0,23.0,45.0,45.333333333333336
Australia,2023-04,72,0,0,68.0,4.0,54.333333333333336
Australia,2023-05,82,0,0,72.0,10.0,74.0
Australia,2023-06,46,0,0,82.0,-36.0,66.66666666666667
Australia,2023-07,70,0,0,46.0,24.0,66.0
Australia,2023-08,78,0,0,70.0,8.0,64.66666666666667
Australia,2023-09,95,0,0,78.0,17.0,81.0
Australia,2023-10,95,0,0,95.0,0.0,89.33333333333333
Australia,2023-11,124,0,0,95.0,29.0,104.66666666666667
Australia,2023-12,87,0,0,124.0,-37.0,102.0
Australia,2024-01,70,0,0,87.0,-17.0,93.66666666666667
Australia,2024-02,95,0,0,70.0,25.0,84.0
Australia,2024-03,131,0,0,95.0,36.0,98.66666666666667
Australia,2024-04,113,0,0,131.0,-18.0,113.0
Australia,2024-05,109,0,0,113.0,-4.0,117.66666666666667
Australia,2024-06,77,0,0,109.0,-32.0,99.66666666666667
Australia,2024-07,82,0,0,77.0,5.0,89.33333333333333
Australia,2024-08,88,0,0,82.0,6.0,82.33333333333333
Australia,2024-09,74,0,0,88.0,-14.0,81.33333333333333
Australia,2024-10,80,0,0,74.0,6.0,80.66666666666667
Australia,2024-11,86,0,0,80.0,6.0,80.0
Australia,2024-12,43,0,0,86.0,-43.0,69.66666666666667
Australia,2025-01,41,0,0,43.0,-2.0,56.666666666666664
Australia,2025-02,62,0,0,41.0,21.0,48.666666666666664
Australia,2025-03,86,0,0,62.0,24.0,63.0
Australia,2025-04,49,0,0,86.0,-37.0,65.66666666666667
Australia,2025-05,81,0,0,49.0,32.0,72.0
Australia,2025-06,63,0,0,81.0,-18.0,64.33333333333333
Australia,2025-07,56,0,0,63.0,-7.0,66.66666666666667
Australia,2025-08,96,0,0,56.0,40.0,71.66666666666667
Australia,2025-09,67,0,0,96.0,-29.0,73.0
Australia,2025-10,74,0,0,67.0,7.0,79.0
Australia,2025-11,52,0,0,74.0,-22.0,64.33333333333333
Australia,2025-12,29,16,0,52.0,-23.0,51.666666666666664
Australia,2026-01,63,0,0,29.0,34.0,48.0
Bangladesh,2021-03,242,50,0,177.0,65.0,209.33333333333334
Bangladesh,2021-04,173,39,0,242.0,-69.0,197.33333333333334
Bangladesh,2021-05,458,28,1,173.0,285.0,291.0
Bangladesh,2021-06,136,22,0,458.0,-322.0,255.66666666666666
Bangladesh,2021-07,86,20,0,136.0,-50.0,226.66666666666666
Bangladesh,2021-08,131,8,0,86.0,45.0,117.66666666666667
Bangladesh,2021-09,212,17,0,131.0,81.0,143.0
Bangladesh,2021-10,316,53,0,212.0,104.0,219.66666666666666
Bangladesh,2021-11,265,50,0,316.0,-51.0,264.3333333333333
Bangladesh,2021-12,186,26,0,265.0,-79.0,255.66666666666666
Bangladesh,2022-01,219,49,0,186.0,33.0,223.33333333333334
Bangladesh,2022-02,174,21,0,219.0,-45.0,193.0
Bangladesh,2022-03,183,22,0,174.0,9.0,192.0
Bangladesh,2022-04,168,35,0,183.0,-15.0,175.0
Bangladesh,2022-05,147,9,0,168.0,-21.0,166.0
Bangladesh,2022-06,178,21,0,147.0,31.0,164.33333333333334
Bangladesh,2022-07,193,24,0,178.0,15.0,172.66666666666666
Bangladesh,2022-08,230,15,0,193.0,37.0,200.33333333333334
Bangladesh,2022-09,226,31,0,230.0,-4.0,216.33333333333334
Bangladesh,2022-10,227,36,0,226.0,1.0,227.66666666666666
Bangladesh,2022-11,163,24,0,227.0,-64.0,205.33333333333334
Bangladesh,2022-12,230,24,0,163.0,67.0,206.66666666666666
Bangladesh,2023-01,177,25,0,230.0,-53.0,190.0
Bangladesh,2023-02,173,19,0,177.0,-4.0,193.33333333333334
Bangladesh,2023-03,179,23,0,173.0,6.0,176.33333333333334
Bangladesh,2023-04,151,41,0,179.0,-28.0,167.66666666666666
Bangladesh,2023-05,174,25,0,151.0,23.0,168.0
Bangladesh,2023-06,192,21,0,174.0,18.0,172.33333333333334
Bangladesh,2023-07,235,35,0,192.0,43.0,200.33333333333334
Bangladesh,2023-08,165,22,0,235.0,-70.0,197.33333333333334
Bangladesh,2023-09,255,29,0,165.0,90.0,218.33333333333334
Bangladesh,2023-10,245,29,0,255.0,-10.0,221.66666666666666
Bangladesh,2023-11,426,28,0,245.0,181.0,308.6666666666667
Bangladesh,2023-12,378,46,0,426.0,-48.0,349.6666666666667
Bangladesh,2024-01,212,29,0,378.0,-166.0,338.6666666666667
Bangladesh,2024-02,178,23,0,212.0,-34.0,256.0
Bangladesh,2024-03,216,29,0,178.0,38.0,202.0
Bangladesh,2024-04,118,26,0,216.0,-98.0,170.66666666666666
Bangladesh,2024-05,208,30,0,118.0,90.0,180.66666666666666
Bangladesh,2024-06,205,30,0,208.0,-3.0,177.0
Bangladesh,2024-07,436,633,1,205.0,231.0,283.0
Bangladesh,2024-08,719,961,1,436.0,283.0,453.3333333333333
Bangladesh,2024-09,328,44,0,719.0,-391.0,494.3333333333333
Bangladesh,2024-10,251,33,0,328.0,-77.0,432.6666666666667
Bangladesh,2024-11,372,31,0,251.0,121.0,317.0
Bangladesh,2024-12,235,35,0,372.0,-137.0,286.0
Bangladesh,2025-01,314,23,0,235.0,79.0,307.0
Bangladesh,2025-02,415,26,0,314.0,101.0,321.3333333333333
Bangladesh,2025-03,363,39,0,415.0,-52.0,364.0
Bangladesh,2025-04,399,29,0,363.0,36.0,392.3333333333333
Bangladesh,2025-05,322,30,0,399.0,-77.0,361.3333333333333
Bangladesh,2025-06,233,33,0,322.0,-89.0,318.0
Bangladesh,2025-07,252,31,0,233.0,19.0,269.0
Bangladesh,2025-08,380,39,0,252.0,128.0,288.3333333333333
Bangladesh,2025-09,298,32,0,380.0,-82.0,310.0
Bangladesh,2025-10,281,24,0,298.0,-17.0,319.6666666666667
Bangladesh,2025-11,492,30,1,281.0,211.0,357.0
Bangladesh,2025-12,289,28,0,492.0,-203.0,354.0
Bangladesh,2026-01,317,36,0,289.0,28.0,366.0
Bhutan,2021-10,1,0,0,1.0,0.0,1.3333333333333333
Bhutan,2022-04,1,0,0,1.0,0.0,1.0
Bhutan,2022-05,1,0,0,1.0,0.0,1.0
Bhutan,2023-11,1,0,0,1.0,0.0,1.0
Bhutan,2024-08,1,0,0,1.0,0.0,1.0
Bhutan,2025-11,1,1,0,1.0,0.0,1.0
Cambodia,2021-03,3,0,0,6.0,-3.0,5.666666666666667
Cambodia,2021-04,4,1,0,3.0,1.0,4.333333333333333
Cambodia,2021-05,16,2,0,4.0,12.0,7.666666666666667
Cambodia,2021-06,5,0,0,16.0,-11.0,8.333333333333334
Cambodia,2021-07,8,0,0,5.0,3.0,9.666666666666666
Cambodia,2021-08,1,0,0,8.0,-7.0,4.666666666666667
Cambodia,2021-09,6,0,0,1.0,5.0,5.0
Cambodia,2021-10,2,0,0,6.0,-4.0,3.0
Cambodia,2021-12,8,0,0,2.0,6.0,5.333333333333333
Cambodia,2022-01,22,0,0,8.0,14.0,10.666666666666666
Cambodia,2022-02,4,0,0,22.0,-18.0,11.333333333333334
Cambodia,2022-03,15,0,0,4.0,11.0,13.666666666666666
Cambodia,2022-04,17,1,0,15.0,2.0,12.0
Cambodia,2022-05,15,0,0,17.0,-2.0,15.666666666666666
Cambodia,2022-06,9,0,0,15.0,-6.0,13.666666666666666
Cambodia,2022-07,10,0,0,9.0,1.0,11.333333333333334
Cambodia,2022-08,8,0,0,10.0,-2.0,9.0
Cambodia,2022-09,8,0,0,8.0,0.0,8.666666666666666
Cambodia,2022-10,10,0,0,8.0,2.0,8.666666666666666
Cambodia,2022-11,8,0,0,10.0,-2.0,8.666666666666666
Cambodia,2022-12,11,0,0,8.0,3.0,9.666666666666666
Cambodia,2023-01,12,0,0,11.0,1.0,10.333333333333334
Cambodia,2023-02,9,0,0,12.0,-3.0,10.666666666666666
Cambodia,2023-03,6,0,0,9.0,-3.0,9.0
Cambodia,2023-04,5,0,0,6.0,-1.0,6.666666666666667
Cambodia,2023-05,11,0,0,5.0,6.0,7.333333333333333
Cambodia,2023-06,4,0,0,11.0,-7.0,6.666666666666667
Cambodia,2023-07,4,0,0,4.0,0.0,6.333333333333333
Cambodia,2023-08,5,0,0,4.0,1.0,4.333333333333333
Cambodia,2023-09,13,0,0,5.0,8.0,7.333333333333333
Cambodia,2023-10,5,0,0,13.0,-8.0,7.666666666666667
Cambodia,2023-11,6,0,0,5.0,1.0,8.0
Cambodia,2023-12,10,0,0,6.0,4.0,7.0
Cambodia,2024-01,6,0,0,10.0,-4.0,7.333333333333333
Cambodia,2024-02,11,0,0,6.0,5.0,9.0
Cambodia,2024-03,12,0,0,11.0,1.0,9.666666666666666
Cambodia,2024-04,13,0,0,12.0,1.0,12.0
Cambodia,2024-05,8,0,0,13.0,-5.0,11.0
Cambodia,2024-06,7,0,0,8.0,-1.0,9.333333333333334
Cambodia,2024-07,5,0,0,7.0,-2.0,6.666666666666667
Cambodia,2024-08,3,0,0,5.0,-2.0,5.0
Cambodia,2024-09,1,0,0,3.0,-2.0,3.0
Cambodia,2024-10,2,0,0,1.0,1.0,2.0
Cambodia,2024-11,5,0,0,2.0,3.0,2.6666666666666665
Cambodia,2024-12,2,0,0,5.0,-3.0,3.0
Cambodia,2025-01,5,0,0,2.0,3.0,4.0
Cambodia,2025-02,2,0,0,5.0,-3.0,3.0
Cambodia,2025-03,5,0,0,2.0,3.0,4.0
Cambodia,2025-04,2,0,0,5.0,-3.0,3.0
Cambodia,2025-05,3,0,0,2.0,1.0,3.3333333333333335
Cambodia,2025-06,1,0,0,3.0,-2.0,2.0
Cambodia,2025-07,7,0,0,1.0,6.0,3.6666666666666665
Cambodia,2025-08,7,0,0,7.0,0.0,5.0
Cambodia,2025-09,2,0,0,7.0,-5.0,5.333333333333333
Cambodia,2025-10,4,0,0,2.0,2.0,4.333333333333333
Cambodia,2025-11,3,0,0,4.0,-1.0,3.0
Cambodia,2025-12,17,0,0,3.0,14.0,8.0
Cambodia,2026-01,3,0,0,17.0,-14.0,7.666666666666667
China,2021-03,146,6,0,124.0,22.0,145.33333333333334
China,2021-04,135,2,0,146.0,-11.0,135.0
China,2021-05,197,1,0,135.0,62.0,159.33333333333334
China,2021-06,167,1,0,197.0,-30.0,166.33333333333334
China,2021-07,195,0,0,167.0,28.0,186.33333333333334
China,2021-08,147,1,0,195.0,-48.0,169.66666666666666
China,2021-09,170,1,0,147.0,23.0,170.66666666666666
China,2021-10,191,0,0,170.0,21.0,169.33333333333334
China,2021-11,144,0,0,191.0,-47.0,168.33333333333334
China,2021-12,140,0,0,144.0,-4.0,158.33333333333334
China,2022-01,158,1,0,140.0,18.0,147.33333333333334
China,2022-02,128,2,0,158.0,-30.0,142.0
China,2022-03,109,0,0,128.0,-19.0,131.66666666666666
China,2022-04,95,0,0,109.0,-14.0,110.66666666666667
China,2022-05,77,0,0,95.0,-18.0,93.66666666666667
China,2022-06,118,1,0,77.0,41.0,96.66666666666667
China,2022-07,60,0,0,118.0,-58.0,85.0
China,2022-08,73,1,0,60.0,13.0,83.66666666666667
China,2022-09,81,1,0,73.0,8.0,71.33333333333333
China,2022-10,50,0,0,81.0,-31.0,68.0
China,2022-11,111,0,0,50.0,61.0,80.66666666666667
China,2022-12,98,0,0,111.0,-13.0,86.33333333333333
China,2023-01,81,6,0,98.0,-17.0,96.66666666666667
China,2023-02,110,0,0,81.0,29.0,96.33333333333333
China,2023-03,81,0,0,110.0,-29.0,90.66666666666667
China,2023-04,109,0,0,81.0,28.0,100.0
China,2023-05,143,1,0,109.0,34.0,111.0
China,2023-06,126,0,0,143.0,-17.0,126.0
China,2023-07,119,0,0,126.0,-7.0,129.33333333333334
China,2023-08,153,0,0,119.0,34.0,132.66666666666666
China,2023-09,169,0,0,153.0,16.0,147.0
China,2023-10,190,0,0,169.0,21.0,170.66666666666666
China,2023-11,160,2,0,190.0,-30.0,173.0
China,2023-12,189,0,0,160.0,29.0,179.66666666666666
China,2024-01,123,3,0,189.0,-66.0,157.33333333333334
China,2024-02,101,0,0,123.0,-22.0,137.66666666666666
China,2024-03,99,3,0,101.0,-2.0,107.66666666666667
China,2024-04,68,0,0,99.0,-31.0,89.33333333333333
China,2024-05,60,2,0,68.0,-8.0,75.66666666666667
China,2024-06,110,0,0,60.0,50.0,79.33333333333333
China,2024-07,66,0,0,110.0,-44.0,78.66666666666667
China,2024-08,102,1,0,66.0,36.0,92.66666666666667
China,2024-09,117,1,0,102.0,15.0,95.0
China,2024-10,128,1,0,117.0,11.0,115.66666666666667
China,2024-11,207,1,0,128.0,79.0,150.66666666666666
China,2024-12,118,0,0,207.0,-89.0,151.0
China,2025-01,174,0,0,118.0,56.0,166.33333333333334
China,2025-02,89,0,0,174.0,-85.0,127.0
China,2025-03,170,0,0,89.0,81.0,144.33333333333334
China,2025-04,143,0,0,170.0,-27.0,134.0
China,2025-05,138,0,0,143.0,-5.0,150.33333333333334
China,2025-06,125,0,0,138.0,-13.0,135.33333333333334
China,2025-07,87,1,0,125.0,-38.0,116.66666666666667
China,2025-08,110,0,0,87.0,23.0,107.33333333333333
China,2025-09,106,0,0,110.0,-4.0,101.0
China,2025-10,113,0,0,106.0,7.0,109.66666666666667
China,2025-11,154,0,0,113.0,41.0,124.33333333333333
China,2025-12,159,0,0,154.0,5.0,142.0
China,2026-01,153,0,0,159.0,-6.0,155.33333333333334
Cook Islands,2024-08,1,0,0,1.0,0.0,1.0
Cook Islands,2024-09,1,0,0,1.0,0.0,1.0
Cook Islands,2025-02,2,0,0,1.0,1.0,1.3333333333333333
Cook Islands,2025-10,1,0,0,2.0,-1.0,1.3333333333333333
East Timor,2021-04,4,0,0,3.0,1.0,2.6666666666666665
East Timor,2021-05,3,0,0,4.0,-1.0,3.3333333333333335
East Timor,2021-06,3,2,0,3.0,0.0,3.3333333333333335
East Timor,2021-11,1,0,0,3.0,-2.0,2.3333333333333335
East Timor,2022-01,2,2,0,1.0,1.0,2.0
East Timor,2022-03,3,0,0,2.0,1.0,2.0
East Timor,2022-04,1,0,0,3.0,-2.0,2.0
East Timor,2022-05,1,0,0,1.0,0.0,1.6666666666666667
East Timor,2022-07,1,0,0,1.0,0.0,1.0
East Timor,2022-11,1,0,0,1.0,0.0,1.0
East Timor,2023-02,2,0,0,1.0,1.0,1.3333333333333333
East Timor,2023-03,1,0,0,2.0,-1.0,1.3333333333333333
East Timor,2023-04,3,0,0,1.0,2.0,2.0
East Timor,2023-05,1,0,0,3.0,-2.0,1.6666666666666667
East Timor,2023-06,1,0,0,1.0,0.0,1.6666666666666667
East Timor,2023-07,3,0,0,1.0,2.0,1.6666666666666667
East Timor,2023-09,1,0,0,3.0,-2.0,1.6666666666666667
East Timor,2023-10,1,0,0,1.0,0.0,1.6666666666666667
East Timor,2023-11,1,0,0,1.0,0.0,1.0
East Timor,2023-12,2,0,0,1.0,1.0,1.3333333333333333
East Timor,2024-01,1,0,0,2.0,-1.0,1.3333333333333333
East Timor,2024-02,2,0,0,1.0,1.0,1.6666666666666667
East Timor,2024-03,1,0,0,2.0,-1.0,1.3333333333333333
East Timor,2024-04,1,0,0,1.0,0.0,1.3333333333333333
East Timor,2024-07,1,0,0,1.0,0.0,1.0
East Timor,2024-09,1,0,0,1.0,0.0,1.0
East Timor,2024-10,1,0,0,1.0,0.0,1.0
East Timor,2024-12,4,0,0,1.0,3.0,2.0
East Timor,2025-02,1,0,0,4.0,-3.0,2.0
East Timor,2025-03,1,0,0,1.0,0.0,2.0
East Timor,2025-07,1,0,0,1.0,0.0,1.0
East Timor,2025-08,1,0,0,1.0,0.0,1.0
East Timor,2025-09,3,0,0,1.0,2.0,1.6666666666666667
East Timor,2025-10,2,0,0,3.0,-1.0,2.0
East Timor,2025-11,1,0,0,2.0,-1.0,2.0
East Timor,2025-12,1,0,0,1.0,0.0,1.3333333333333333
East Timor,2026-01,2,0,0,1.0,1.0,1.3333333333333333
Fiji,2021-07,6,0,0,5.0,1.0,4.0
Fiji,2021-08,1,0,0,6.0,-5.0,4.0
Fiji,2021-10,1,0,0,1.0,0.0,2.6666666666666665
Fiji,2021-11,2,0,0,1.0,1.0,1.3333333333333333
Fiji,2021-12,1,0,0,2.0,-1.0,1.3333333333333333
Fiji,2022-02,2,0,0,1.0,1.0,1.6666666666666667
Fiji,2022-07,1,0,0,2.0,-1.0,1.3333333333333333
Fiji,2022-10,3,0,0,1.0,2.0,2.0
Fiji,2022-12,1,0,0,3.0,-2.0,1.6666666666666667
Fiji,2023-03,1,0,0,1.0,0.0,1.6666666666666667
Fiji,2023-06,2,0,0,1.0,1.0,1.3333333333333333
Fiji,2023-07,1,0,0,2.0,-1.0,1.3333333333333333
Fiji,2023-08,1,0,0,1.0,0.0,1.3333333333333333
Fiji,2023-09,2,0,0,1.0,1.0,1.3333333333333333
Fiji,2023-10,1,0,0,2.0,-1.0,1.3333333333333333
Fiji,2023-11,1,0,0,1.0,0.0,1.3333333333333333
Fiji,2024-03,1,0,0,1.0,0.0,1.0
Fiji,2024-04,2,0,0,1.0,1.0,1.3333333333333333
Fiji,2024-05,1,0,0,2.0,-1.0,1.3333333333333333
Fiji,2024-06,1,0,0,1.0,0.0,1.3333333333333333
Fiji,2024-07,1,0,0,1.0,0.0,1.0
Fiji,2024-08,1,0,0,1.0,0.0,1.0
Fiji,2024-09,1,0,0,1.0,0.0,1.0
Fiji,2024-10,4,0,0,1.0,3.0,2.0
Fiji,2024-11,1,0,0,4.0,-3.0,2.0
Fiji,2024-12,1,0,0,1.0,0.0,2.0
Fiji,2025-03,1,0,0,1.0,0.0,1.0
Fiji,2025-05,1,0,0,1.0,0.0,1.0
Fiji,2025-06,2,0,0,1.0,1.0,1.3333333333333333
Fiji,2025-11,2,0,0,2.0,0.0,1.6666666666666667
Fiji,2025-12,1,0,0,2.0,-1.0,1.6666666666666667
French Polynesia,2021-03,2,0,0,2.0,0.0,2.3333333333333335
French Polynesia,2021-04,3,0,0,2.0,1.0,2.3333333333333335
French Polynesia,2021-05,7,0,0,3.0,4.0,4.0
French Polynesia,2021-06,1,0,0,7.0,-6.0,3.6666666666666665
French Polynesia,2021-07,6,0,0,1.0,5.0,4.666666666666667
French Polynesia,2021-08,2,0,0,6.0,-4.0,3.0
French Polynesia,2021-09,4,0,0,2.0,2.0,4.0
French Polynesia,2021-10,10,0,0,4.0,6.0,5.333333333333333
French Polynesia,2021-11,5,0,0,10.0,-5.0,6.333333333333333
French Polynesia,2021-12,4,0,0,5.0,-1.0,6.333333333333333
French Polynesia,2022-02,2,0,0,4.0,-2.0,3.6666666666666665
French Polynesia,2022-03,5,0,0,2.0,3.0,3.6666666666666665
French Polynesia,2022-04,2,0,0,5.0,-3.0,3.0
French Polynesia,2022-05,1,0,0,2.0,-1.0,2.6666666666666665
French Polynesia,2022-06,2,0,0,1.0,1.0,1.6666666666666667
French Polynesia,2022-07,3,0,0,2.0,1.0,2.0
French Polynesia,2022-08,1,0,0,3.0,-2.0,2.0
French Polynesia,2022-10,1,0,0,1.0,0.0,1.6666666666666667
French Polynesia,2022-11,2,0,0,1.0,1.0,1.3333333333333333
French Polynesia,2023-01,8,0,0,2.0,6.0,3.6666666666666665
French Polynesia,2023-02,5,0,0,8.0,-3.0,5.0
French Polynesia,2023-03,10,0,0,5.0,5.0,7.666666666666667
French Polynesia,2023-04,2,0,0,10.0,-8.0,5.666666666666667
French Polynesia,2023-05,1,0,0,2.0,-1.0,4.333333333333333
French Polynesia,2023-06,3,0,0,1.0,2.0,2.0
French Polynesia,2023-07,4,0,0,3.0,1.0,2.6666666666666665
French Polynesia,2023-09,2,0,0,4.0,-2.0,3.0
French Polynesia,2023-10,1,0,0,2.0,-1.0,2.3333333333333335
French Polynesia,2023-12,3,0,0,1.0,2.0,2.0
French Polynesia,2024-01,1,0,0,3.0,-2.0,1.6666666666666667
French Polynesia,2024-02,1,0,0,1.0,0.0,1.6666666666666667
French Polynesia,2024-06,4,0,0,1.0,3.0,2.0
French Polynesia,2024-07,7,0,0,4.0,3.0,4.0
French Polynesia,2024-08,5,0,0,7.0,-2.0,5.333333333333333
French Polynesia,2024-09,2,0,0,5.0,-3.0,4.666666666666667
French Polynesia,2024-10,3,0,0,2.0,1.0,3.3333333333333335
French Polynesia,2024-11,2,0,0,3.0,-1.0,2.3333333333333335
French Polynesia,2025-01,1,0,0,2.0,-1.0,2.0
French Polynesia,2025-02,2,0,0,1.0,1.0,1.6666666666666667
French Polynesia,2025-03,5,0,0,2.0,3.0,2.6666666666666665
French Polynesia,2025-04,2,0,0,5.0,-3.0,3.0
French Polynesia,2025-05,1,0,0,2.0,-1.0,2.6666666666666665
French Polynesia,2025-06,2,0,0,1.0,1.0,1.6666666666666667
French Polynesia,2025-07,2,0,0,2.0,0.0,1.6666666666666667
French Polynesia,2025-08,2,0,0,2.0,0.0,2.0
French Polynesia,2025-09,11,0,0,2.0,9.0,5.0
French Polynesia,2025-10,2,0,0,11.0,-9.0,5.0
French Polynesia,2025-11,2,0,0,2.0,0.0,5.0
Guam,2021-04,3,0,0,1.0,2.0,1.6666666666666667
Guam,2021-05,2,0,0,3.0,-1.0,2.0
Guam,2021-06,4,0,0,2.0,2.0,3.0
Guam,2021-07,1,0,0,4.0,-3.0,2.3333333333333335
Guam,2021-08,6,0,0,1.0,5.0,3.6666666666666665
Guam,2021-09,1,0,0,6.0,-5.0,2.6666666666666665
Guam,2021-10,3,0,0,1.0,2.0,3.3333333333333335
Guam,2021-11,2,0,0,3.0,-1.0,2.0
Guam,2022-02,1,0,0,2.0,-1.0,2.0
Guam,2022-04,2,0,0,1.0,1.0,1.6666666666666667
Guam,2022-06,1,0,0,2.0,-1.0,1.3333333333333333
Guam,2022-07,1,0,0,1.0,0.0,1.3333333333333333
Guam,2022-09,1,0,0,1.0,0.0,1.0
Guam,2022-10,1,0,0,1.0,0.0,1.0
Guam,2022-12,2,0,0,1.0,1.0,1.3333333333333333
Guam,2023-01,1,0,0,2.0,-1.0,1.3333333333333333
Guam,2023-02,1,0,0,1.0,0.0,1.3333333333333333
Guam,2023-08,3,0,0,1.0,2.0,1.6666666666666667
Guam,2023-10,2,0,0,3.0,-1.0,2.0
Guam,2023-11,1,0,0,2.0,-1.0,2.0
Guam,2024-02,1,0,0,1.0,0.0,1.3333333333333333
Guam,2024-04,2,0,0,1.0,1.0,1.3333333333333333
Guam,2024-05,1,0,0,2.0,-1.0,1.3333333333333333
Guam,2024-06,1,0,0,1.0,0.0,1.3333333333333333
Guam,2024-07,1,0,0,1.0,0.0,1.0
Guam,2024-08,3,0,0,1.0,2.0,1.6666666666666667
Guam,2024-10,1,0,0,3.0,-2.0,1.6666666666666667
Guam,2024-11,2,0,0,1.0,1.0,2.0
Guam,2024-12,1,0,0,2.0,-1.0,1.3333333333333333
Guam,2025-03,2,0,0,1.0,1.0,1.6666666666666667
Guam,2025-04,1,0,0,2.0,-1.0,1.3333333333333333
Guam,2025-06,2,0,0,1.0,1.0,1.6666666666666667
Guam,2025-09,1,0,0,2.0,-1.0,1.3333333333333333
Guam,2025-12,2,0,0,1.0,1.0,1.6666666666666667
Guam,2026-01,2,0,0,2.0,0.0,1.6666666666666667
India,2021-03,1466,85,1,1850.0,-384.0,1719.3333333333333
India,2021-04,1103,108,1,1466.0,-363.0,1473.0
India,2021-05,1080,126,1,1103.0,-23.0,1216.3333333333333
India,2021-06,1463,77,1,1080.0,383.0,1215.3333333333333
India,2021-07,1812,110,1,1463.0,349.0,1451.6666666666667
India,2021-08,1488,63,1,1812.0,-324.0,1587.6666666666667
India,2021-09,1690,47,1,1488.0,202.0,1663.3333333333333
India,2021-10,1747,91,1,1690.0,57.0,1641.6666666666667
India,2021-11,1164,101,1,1747.0,-583.0,1533.6666666666667
India,2021-12,1287,91,1,1164.0,123.0,1399.3333333333333
India,2022-01,1367,98,1,1287.0,80.0,1272.6666666666667
India,2022-02,1537,66,1,1367.0,170.0,1397.0
India,2022-03,1561,115,1,1537.0,24.0,1488.3333333333333
India,2022-04,1724,112,1,1561.0,163.0,1607.3333333333333
India,2022-05,1251,94,1,1724.0,-473.0,1512.0
India,2022-06,2033,83,1,1251.0,782.0,1669.3333333333333
India,2022-07,1964,57,1,2033.0,-69.0,1749.3333333333333
India,2022-08,1413,64,1,1964.0,-551.0,1803.3333333333333
India,2022-09,1588,51,1,1413.0,175.0,1655.0
India,2022-10,1409,63,1,1588.0,-179.0,1470.0
India,2022-11,1086,52,1,1409.0,-323.0,1361.0
India,2022-12,1603,52,1,1086.0,517.0,1366.0
India,2023-01,1189,35,1,1603.0,-414.0,1292.6666666666667
India,2023-02,1541,64,1,1189.0,352.0,1444.3333333333333
India,2023-03,1640,46,1,1541.0,99.0,1456.6666666666667
India,2023-04,1958,151,1,1640.0,318.0,1713.0
India,2023-05,1564,105,1,1958.0,-394.0,1720.6666666666667
India,2023-06,2061,132,1,1564.0,497.0,1861.0
India,2023-07,2658,196,1,2061.0,597.0,2094.3333333333335
India,2023-08,1909,112,1,2658.0,-749.0,2209.3333333333335
India,2023-09,2625,102,1,1909.0,716.0,2397.3333333333335
India,2023-10,1767,69,1,2625.0,-858.0,2100.3333333333335
India,2023-11,1600,87,1,1767.0,-167.0,1997.3333333333333
India,2023-12,2575,112,1,1600.0,975.0,1980.6666666666667
India,2024-01,1797,83,1,2575.0,-778.0,1990.6666666666667
India,2024-02,2594,80,1,1797.0,797.0,2322.0
India,2024-03,2521,103,1,2594.0,-73.0,2304.0
India,2024-04,1615,108,1,2521.0,-906.0,2243.3333333333335
India,2024-05,1763,101,1,1615.0,148.0,1966.3333333333333
India,2024-06,2839,141,1,1763.0,1076.0,2072.3333333333335
India,2024-07,2217,112,1,2839.0,-622.0,2273.0
India,2024-08,3421,87,1,2217.0,1204.0,2825.6666666666665
India,2024-09,2371,116,1,3421.0,-1050.0,2669.6666666666665
India,2024-10,1930,83,1,2371.0,-441.0,2574.0
India,2024-11,2098,106,1,1930.0,168.0,2133.0
India,2024-12,2114,76,1,2098.0,16.0,2047.3333333333333
India,2025-01,1694,99,1,2114.0,-420.0,1968.6666666666667
India,2025-02,1804,97,1,1694.0,110.0,1870.6666666666667
India,2025-03,2649,140,1,1804.0,845.0,2049.0
India,2025-04,2354,116,1,2649.0,-295.0,2269.0
India,2025-05,2135,192,1,2354.0,-219.0,2379.3333333333335
India,2025-06,2036,87,1,2135.0,-99.0,2175.0
India,2025-07,2407,82,1,2036.0,371.0,2192.6666666666665
India,2025-08,2554,61,1,2407.0,147.0,2332.3333333333335
India,2025-09,1902,80,1,2554.0,-652.0,2287.6666666666665
India,2025-10,1627,50,1,1902.0,-275.0,2027.6666666666667
India,2025-11,2425,108,1,1627.0,798.0,1984.6666666666667
India,2025-12,1970,54,1,2425.0,-455.0,2007.3333333333333
India,2026-01,2441,94,1,1970.0,471.0,2278.6666666666665
Indonesia,2021-03,163,5,0,128.0,35.0,133.0
Indonesia,2021-04,144,18,0,163.0,-19.0,145.0
Indonesia,2021-05,238,21,0,144.0,94.0,181.66666666666666
Indonesia,2021-06,155,7,0,238.0,-83.0,179.0
Indonesia,2021-07,169,5,0,155.0,14.0,187.33333333333334
Indonesia,2021-08,168,11,0,169.0,-1.0,164.0
Indonesia,2021-09,203,12,0,168.0,35.0,180.0
Indonesia,2021-10,270,15,0,203.0,67.0,213.66666666666666
Indonesia,2021-11,292,5,0,270.0,22.0,255.0
Indonesia,2021-12,216,2,0,292.0,-76.0,259.3333333333333
Indonesia,2022-01,295,14,0,216.0,79.0,267.6666666666667
Indonesia,2022-02,230,15,0,295.0,-65.0,247.0
Indonesia,2022-03,284,10,0,230.0,54.0,269.6666666666667
Indonesia,2022-04,273,11,0,284.0,-11.0,262.3333333333333
Indonesia,2022-05,234,9,0,273.0,-39.0,263.6666666666667
Indonesia,2022-06,221,10,0,234.0,-13.0,242.66666666666666
Indonesia,2022-07,272,22,0,221.0,51.0,242.33333333333334
Indonesia,2022-08,239,8,0,272.0,-33.0,244.0
Indonesia,2022-09,675,8,1,239.0,436.0,395.3333333333333
Indonesia,2022-10,287,138,0,675.0,-388.0,400.3333333333333
Indonesia,2022-11,237,8,0,287.0,-50.0,399.6666666666667
Indonesia,2022-12,238,13,0,237.0,1.0,254.0
Indonesia,2023-01,225,11,0,238.0,-13.0,233.33333333333334
Indonesia,2023-02,218,22,0,225.0,-7.0,227.0
Indonesia,2023-03,272,13,0,218.0,54.0,238.33333333333334
Indonesia,2023-04,319,29,0,272.0,47.0,269.6666666666667
Indonesia,2023-05,276,7,0,319.0,-43.0,289.0
Indonesia,2023-06,262,7,0,276.0,-14.0,285.6666666666667
Indonesia,2023-07,357,22,0,262.0,95.0,298.3333333333333
Indonesia,2023-08,278,22,0,357.0,-79.0,299.0
Indonesia,2023-09,382,29,0,278.0,104.0,339.0
Indonesia,2023-10,333,23,0,382.0,-49.0,331.0
Indonesia,2023-11,386,28,0,333.0,53.0,367.0
Indonesia,2023-12,272,11,0,386.0,-114.0,330.3333333333333
Indonesia,2024-01,237,14,0,272.0,-35.0,298.3333333333333
Indonesia,2024-02,355,7,0,237.0,118.0,288.0
Indonesia,2024-03,345,11,0,355.0,-10.0,312.3333333333333
Indonesia,2024-04,239,9,0,345.0,-106.0,313.0
Indonesia,2024-05,297,10,0,239.0,58.0,293.6666666666667
Indonesia,2024-06,323,17,0,297.0,26.0,286.3333333333333
Indonesia,2024-07,277,10,0,323.0,-46.0,299.0
Indonesia,2024-08,547,14,1,277.0,270.0,382.3333333333333
Indonesia,2024-09,306,16,0,547.0,-241.0,376.6666666666667
Indonesia,2024-10,319,16,0,306.0,13.0,390.6666666666667
Indonesia,2024-11,448,21,1,319.0,129.0,357.6666666666667
Indonesia,2024-12,355,14,0,448.0,-93.0,374.0
Indonesia,2025-01,343,10,0,355.0,-12.0,382.0
Indonesia,2025-02,509,8,1,343.0,166.0,402.3333333333333
Indonesia,2025-03,402,20,0,509.0,-107.0,418.0
Indonesia,2025-04,436,32,1,402.0,34.0,449.0
Indonesia,2025-05,487,32,1,436.0,51.0,441.6666666666667
Indonesia,2025-06,365,31,0,487.0,-122.0,429.3333333333333
Indonesia,2025-07,309,16,0,365.0,-56.0,387.0
Indonesia,2025-08,720,31,1,309.0,411.0,464.6666666666667
Indonesia,2025-09,425,18,0,720.0,-295.0,484.6666666666667
Indonesia,2025-10,342,32,0,425.0,-83.0,495.6666666666667
Indonesia,2025-11,406,18,0,342.0,64.0,391.0
Indonesia,2025-12,287,9,0,406.0,-119.0,345.0
Indonesia,2026-01,424,13,0,287.0,137.0,372.3333333333333
Japan,2021-03,179,0,0,121.0,58.0,129.66666666666666
Japan,2021-04,136,0,0,179.0,-43.0,145.33333333333334
Japan,2021-05,161,0,0,136.0,25.0,158.66666666666666
Japan,2021-06,112,0,0,161.0,-49.0,136.33333333333334
Japan,2021-07,138,0,0,112.0,26.0,137.0
Japan,2021-08,59,0,0,138.0,-79.0,103.0
Japan,2021-09,99,0,0,59.0,40.0,98.66666666666667
Japan,2021-10,115,0,0,99.0,16.0,91.0
Japan,2021-11,116,0,0,115.0,1.0,110.0
Japan,2021-12,100,0,0,116.0,-16.0,110.33333333333333
Japan,2022-01,90,0,0,100.0,-10.0,102.0
Japan,2022-02,161,0,0,90.0,71.0,117.0
Japan,2022-03,277,0,0,161.0,116.0,176.0
Japan,2022-04,184,0,0,277.0,-93.0,207.33333333333334
Japan,2022-05,113,0,0,184.0,-71.0,191.33333333333334
Japan,2022-06,114,0,0,113.0,1.0,137.0
Japan,2022-07,84,1,0,114.0,-30.0,103.66666666666667
Japan,2022-08,73,0,0,84.0,-11.0,90.33333333333333
Japan,2022-09,179,0,0,73.0,106.0,112.0
Japan,2022-10,104,0,0,179.0,-75.0,118.66666666666667
Japan,2022-11,115,0,0,104.0,11.0,132.66666666666666
Japan,2022-12,120,0,0,115.0,5.0,113.0
Japan,2023-01,114,0,0,120.0,-6.0,116.33333333333333
Japan,2023-02,164,0,0,114.0,50.0,132.66666666666666
Japan,2023-03,145,0,0,164.0,-19.0,141.0
Japan,2023-04,183,0,0,145.0,38.0,164.0
Japan,2023-05,181,0,0,183.0,-2.0,169.66666666666666
Japan,2023-06,144,0,0,181.0,-37.0,169.33333333333334
Japan,2023-07,156,0,0,144.0,12.0,160.33333333333334
Japan,2023-08,81,0,0,156.0,-75.0,127.0
Japan,2023-09,122,0,0,81.0,41.0,119.66666666666667
Japan,2023-10,185,0,0,122.0,63.0,129.33333333333334
Japan,2023-11,151,0,0,185.0,-34.0,152.66666666666666
Japan,2023-12,176,0,0,151.0,25.0,170.66666666666666
Japan,2024-01,133,0,0,176.0,-43.0,153.33333333333334
Japan,2024-02,174,0,0,133.0,41.0,161.0
Japan,2024-03,249,0,0,174.0,75.0,185.33333333333334
Japan,2024-04,212,0,0,249.0,-37.0,211.66666666666666
Japan,2024-05,172,0,0,212.0,-40.0,211.0
Japan,2024-06,186,0,0,172.0,14.0,190.0
Japan,2024-07,132,0,0,186.0,-54.0,163.33333333333334
Japan,2024-08,146,0,0,132.0,14.0,154.66666666666666
Japan,2024-09,120,0,0,146.0,-26.0,132.66666666666666
Japan,2024-10,161,0,0,120.0,41.0,142.33333333333334
Japan,2024-11,157,0,0,161.0,-4.0,146.0
Japan,2024-12,115,0,0,157.0,-42.0,144.33333333333334
Japan,2025-01,124,0,0,115.0,9.0,132.0
Japan,2025-02,142,0,0,124.0,18.0,127.0
Japan,2025-03,178,0,0,142.0,36.0,148.0
Japan,2025-04,160,0,0,178.0,-18.0,160.0
Japan,2025-05,179,0,0,160.0,19.0,172.33333333333334
Japan,2025-06,236,0,0,179.0,57.0,191.66666666666666
Japan,2025-07,320,0,0,236.0,84.0,245.0
Japan,2025-08,132,0,0,320.0,-188.0,229.33333333333334
Japan,2025-09,133,0,0,132.0,1.0,195.0
Japan,2025-10,128,0,0,133.0,-5.0,131.0
Japan,2025-11,146,0,0,128.0,18.0,135.66666666666666
Japan,2025-12,109,0,0,146.0,-37.0,127.66666666666667
Japan,2026-01,280,0,0,109.0,171.0,178.33333333333334
Laos,2022-01,1,0,0,1.0,0.0,1.0
Laos,2022-02,1,0,0,1.0,0.0,1.0
Laos,2023-04,1,0,0,1.0,0.0,1.0
Laos,2023-05,1,0,0,1.0,0.0,1.0
Laos,2024-01,1,0,0,1.0,0.0,1.0
Laos,2025-03,1,0,0,1.0,0.0,1.0
Laos,2025-05,1,5,0,1.0,0.0,1.0
Laos,2025-07,1,0,0,1.0,0.0,1.0
Malaysia,2021-03,10,0,0,7.0,3.0,9.0
Malaysia,2021-04,22,1,0,10.0,12.0,13.0
Malaysia,2021-05,14,7,0,22.0,-8.0,15.333333333333334
Malaysia,2021-06,7,0,0,14.0,-7.0,14.333333333333334
Malaysia,2021-07,23,0,0,7.0,16.0,14.666666666666666
Malaysia,2021-08,4,2,0,23.0,-19.0,11.333333333333334
Malaysia,2021-09,9,0,0,4.0,5.0,12.0
Malaysia,2021-10,13,1,0,9.0,4.0,8.666666666666666
Malaysia,2021-11,17,0,0,13.0,4.0,13.0
Malaysia,2021-12,10,1,0,17.0,-7.0,13.333333333333334
Malaysia,2022-01,14,3,0,10.0,4.0,13.666666666666666
Malaysia,2022-02,20,0,0,14.0,6.0,14.666666666666666
Malaysia,2022-03,21,1,0,20.0,1.0,18.333333333333332
Malaysia,2022-04,8,0,0,21.0,-13.0,16.333333333333332
Malaysia,2022-05,12,0,0,8.0,4.0,13.666666666666666
Malaysia,2022-06,16,0,0,12.0,4.0,12.0
Malaysia,2022-07,25,0,0,16.0,9.0,17.666666666666668
Malaysia,2022-08,6,0,0,25.0,-19.0,15.666666666666666
Malaysia,2022-09,9,0,0,6.0,3.0,13.333333333333334
Malaysia,2022-10,12,0,0,9.0,3.0,9.0
Malaysia,2022-11,10,0,0,12.0,-2.0,10.333333333333334
Malaysia,2022-12,7,0,0,10.0,-3.0,9.666666666666666
Malaysia,2023-01,8,0,0,7.0,1.0,8.333333333333334
Malaysia,2023-02,6,0,0,8.0,-2.0,7.0
Malaysia,2023-03,10,0,0,6.0,4.0,8.0
Malaysia,2023-04,11,0,0,10.0,1.0,9.0
Malaysia,2023-05,6,0,0,11.0,-5.0,9.0
Malaysia,2023-06,6,0,0,6.0,0.0,7.666666666666667
Malaysia,2023-07,15,0,0,6.0,9.0,9.0
Malaysia,2023-08,10,0,0,15.0,-5.0,10.333333333333334
Malaysia,2023-09,11,0,0,10.0,1.0,12.0
Malaysia,2023-10,35,0,0,11.0,24.0,18.666666666666668
Malaysia,2023-11,16,0,0,35.0,-19.0,20.666666666666668
Malaysia,2023-12,28,0,0,16.0,12.0,26.333333333333332
Malaysia,2024-01,27,0,0,28.0,-1.0,23.666666666666668
Malaysia,2024-02,21,0,0,27.0,-6.0,25.333333333333332
Malaysia,2024-03,28,0,0,21.0,7.0,25.333333333333332
Malaysia,2024-04,9,0,0,28.0,-19.0,19.333333333333332
Malaysia,2024-05,21,3,0,9.0,12.0,19.333333333333332
Malaysia,2024-06,23,0,0,21.0,2.0,17.666666666666668
Malaysia,2024-07,16,0,0,23.0,-7.0,20.0
Malaysia,2024-08,32,0,0,16.0,16.0,23.666666666666668
Malaysia,2024-09,12,0,0,32.0,-20.0,20.0
Malaysia,2024-10,22,0,0,12.0,10.0,22.0
Malaysia,2024-11,17,0,0,22.0,-5.0,17.0
Malaysia,2024-12,22,0,0,17.0,5.0,20.333333333333332
Malaysia,2025-01,27,3,0,22.0,5.0,22.0
Malaysia,2025-02,27,0,0,27.0,0.0,25.333333333333332
Malaysia,2025-03,12,0,0,27.0,-15.0,22.0
Malaysia,2025-04,23,0,0,12.0,11.0,20.666666666666668
Malaysia,2025-05,50,0,0,23.0,27.0,28.333333333333332
Malaysia,2025-06,28,0,0,50.0,-22.0,33.666666666666664
Malaysia,2025-07,27,0,0,28.0,-1.0,35.0
Malaysia,2025-08,77,0,0,27.0,50.0,44.0
Malaysia,2025-09,32,0,0,77.0,-45.0,45.333333333333336
Malaysia,2025-10,26,0,0,32.0,-6.0,45.0
Malaysia,2025-11,36,3,0,26.0,10.0,31.333333333333332
Malaysia,2025-12,12,0,0,36.0,-24.0,24.666666666666668
Malaysia,2026-01,36,0,0,12.0,24.0,28.0
Maldives,2021-03,9,0,0,6.0,3.0,8.333333333333334
Maldives,2021-04,6,0,0,9.0,-3.0,7.0
Maldives,2021-05,4,0,0,6.0,-2.0,6.333333333333333
Maldives,2021-07,4,0,0,4.0,0.0,4.666666666666667
Maldives,2021-08,1,0,0,4.0,-3.0,3.0
Maldives,2021-09,12,0,0,1.0,11.0,5.666666666666667
Maldives,2021-10,1,0,0,12.0,-11.0,4.666666666666667
Maldives,2021-11,3,0,0,1.0,2.0,5.333333333333333
Maldives,2021-12,5,0,0,3.0,2.0,3.0
Maldives,2022-01,4,0,0,5.0,-1.0,4.0
Maldives,2022-02,1,0,0,4.0,-3.0,3.3333333333333335
Maldives,2022-03,1,0,0,1.0,0.0,2.0
Maldives,2022-04,3,0,0,1.0,2.0,1.6666666666666667
Maldives,2022-05,6,0,0,3.0,3.0,3.3333333333333335
Maldives,2022-06,2,0,0,6.0,-4.0,3.6666666666666665
Maldives,2022-07,5,0,0,2.0,3.0,4.333333333333333
Maldives,2022-10,1,0,0,5.0,-4.0,2.6666666666666665
Maldives,2022-11,2,0,0,1.0,1.0,2.6666666666666665
Maldives,2022-12,26,0,0,2.0,24.0,9.666666666666666
Maldives,2023-01,12,0,0,26.0,-14.0,13.333333333333334
Maldives,2023-02,1,0,0,12.0,-11.0,13.0
Maldives,2023-03,5,0,0,1.0,4.0,6.0
Maldives,2023-04,2,0,0,5.0,-3.0,2.6666666666666665
Maldives,2023-05,1,0,0,2.0,-1.0,2.6666666666666665
Maldives,2023-06,5,0,0,1.0,4.0,2.6666666666666665
Maldives,2023-07,15,0,0,5.0,10.0,7.0
Maldives,2023-08,9,0,0,15.0,-6.0,9.666666666666666
Maldives,2023-09,13,0,0,9.0,4.0,12.333333333333334
Maldives,2023-10,4,0,0,13.0,-9.0,8.666666666666666
Maldives,2023-11,3,0,0,4.0,-1.0,6.666666666666667
Maldives,2023-12,1,0,0,3.0,-2.0,2.6666666666666665
Maldives,2024-01,8,0,0,1.0,7.0,4.0
Maldives,2024-02,3,0,0,8.0,-5.0,4.0
Maldives,2024-03,7,0,0,3.0,4.0,6.0
Maldives,2024-04,5,0,0,7.0,-2.0,5.0
Maldives,2024-05,3,0,0,5.0,-2.0,5.0
Maldives,2024-06,13,1,0,3.0,10.0,7.0
Maldives,2024-07,6,0,0,13.0,-7.0,7.333333333333333
Maldives,2024-08,9,0,0,6.0,3.0,9.333333333333334
Maldives,2024-09,5,0,0,9.0,-4.0,6.666666666666667
Maldives,2024-10,5,0,0,5.0,0.0,6.333333333333333
Maldives,2024-11,5,0,0,5.0,0.0,5.0
Maldives,2024-12,7,0,0,5.0,2.0,5.666666666666667
Maldives,2025-01,4,0,0,7.0,-3.0,5.333333333333333
Maldives,2025-02,8,0,0,4.0,4.0,6.333333333333333
Maldives,2025-03,13,0,0,8.0,5.0,8.333333333333334
Maldives,2025-04,15,0,0,13.0,2.0,12.0
Maldives,2025-05,3,0,0,15.0,-12.0,10.333333333333334
Maldives,2025-06,1,0,0,3.0,-2.0,6.333333333333333
Maldives,2025-07,1,0,0,1.0,0.0,1.6666666666666667
Maldives,2025-08,8,0,0,1.0,7.0,3.3333333333333335
Maldives,2025-09,14,0,0,8.0,6.0,7.666666666666667
Maldives,2025-10,8,0,0,14.0,-6.0,10.0
Maldives,2025-11,5,0,0,8.0,-3.0,9.0
Maldives,2025-12,4,0,0,5.0,-1.0,5.666666666666667
Maldives,2026-01,2,0,0,4.0,-2.0,3.6666666666666665
Marshall Islands,2024-02,1,0,0,1.0,0.0,1.6666666666666667
Mongolia,2021-03,18,0,0,4.0,14.0,11.0
Mongolia,2021-04,7,0,0,18.0,-11.0,9.666666666666666
Mongolia,2021-05,16,0,0,7.0,9.0,13.666666666666666
Mongolia,2021-06,8,0,0,16.0,-8.0,10.333333333333334
Mongolia,2021-07,21,0,0,8.0,13.0,15.0
Mongolia,2021-08,8,0,0,21.0,-13.0,12.333333333333334
Mongolia,2021-09,10,0,0,8.0,2.0,13.0
Mongolia,2021-10,26,0,0,10.0,16.0,14.666666666666666
Mongolia,2021-11,8,0,0,26.0,-18.0,14.666666666666666
Mongolia,2021-12,6,0,0,8.0,-2.0,13.333333333333334
Mongolia,2022-01,12,0,0,6.0,6.0,8.666666666666666
Mongolia,2022-02,8,0,0,12.0,-4.0,8.666666666666666
Mongolia,2022-03,12,0,0,8.0,4.0,10.666666666666666
Mongolia,2022-04,20,0,0,12.0,8.0,13.333333333333334
Mongolia,2022-05,11,0,0,20.0,-9.0,14.333333333333334
Mongolia,2022-06,10,0,0,11.0,-1.0,13.666666666666666
Mongolia,2022-07,4,0,0,10.0,-6.0,8.333333333333334
Mongolia,2022-08,2,0,0,4.0,-2.0,5.333333333333333
Mongolia,2022-09,9,0,0,2.0,7.0,5.0
Mongolia,2022-10,7,0,0,9.0,-2.0,6.0
Mongolia,2022-11,10,0,0,7.0,3.0,8.666666666666666
Mongolia,2022-12,25,0,0,10.0,15.0,14.0
Mongolia,2023-01,11,0,0,25.0,-14.0,15.333333333333334
Mongolia,2023-02,5,0,0,11.0,-6.0,13.666666666666666
Mongolia,2023-03,9,0,0,5.0,4.0,8.333333333333334
Mongolia,2023-04,12,0,0,9.0,3.0,8.666666666666666
Mongolia,2023-05,6,0,0,12.0,-6.0,9.0
Mongolia,2023-06,5,0,0,6.0,-1.0,7.666666666666667
Mongolia,2023-07,2,0,0,5.0,-3.0,4.333333333333333
Mongolia,2023-08,4,0,0,2.0,2.0,3.6666666666666665
Mongolia,2023-09,9,0,0,4.0,5.0,5.0
Mongolia,2023-10,12,0,0,9.0,3.0,8.333333333333334
Mongolia,2023-11,4,0,0,12.0,-8.0,8.333333333333334
Mongolia,2023-12,7,0,0,4.0,3.0,7.666666666666667
Mongolia,2024-01,6,0,0,7.0,-1.0,5.666666666666667
Mongolia,2024-02,9,0,0,6.0,3.0,7.333333333333333
Mongolia,2024-03,7,0,0,9.0,-2.0,7.333333333333333
Mongolia,2024-04,11,0,0,7.0,4.0,9.0
Mongolia,2024-05,5,0,0,11.0,-6.0,7.666666666666667
Mongolia,2024-06,9,0,0,5.0,4.0,8.333333333333334
Mongolia,2024-07,4,0,0,9.0,-5.0,6.0
Mongolia,2024-08,3,0,0,4.0,-1.0,5.333333333333333
Mongolia,2024-09,4,0,0,3.0,1.0,3.6666666666666665
Mongolia,2024-10,2,0,0,4.0,-2.0,3.0
Mongolia,2024-11,4,0,0,2.0,2.0,3.3333333333333335
Mongolia,2024-12,7,0,0,4.0,3.0,4.333333333333333
Mongolia,2025-01,14,0,0,7.0,7.0,8.333333333333334
Mongolia,2025-02,5,0,0,14.0,-9.0,8.666666666666666
Mongolia,2025-03,2,0,0,5.0,-3.0,7.0
Mongolia,2025-04,11,0,0,2.0,9.0,6.0
Mongolia,2025-05,36,0,0,11.0,25.0,16.333333333333332
Mongolia,2025-06,8,0,0,36.0,-28.0,18.333333333333332
Mongolia,2025-07,1,0,0,8.0,-7.0,15.0
Mongolia,2025-08,4,0,0,1.0,3.0,4.333333333333333
Mongolia,2025-09,3,0,0,4.0,-1.0,2.6666666666666665
Mongolia,2025-10,2,0,0,3.0,-1.0,3.0
Mongolia,2025-11,3,0,0,2.0,1.0,2.6666666666666665
Mongolia,2025-12,1,0,0,3.0,-2.0,2.0
Mongolia,2026-01,3,0,0,1.0,2.0,2.3333333333333335
Myanmar,2021-03,1639,727,1,2148.0,-509.0,1341.0
Myanmar,2021-04,1335,448,1,1639.0,-304.0,1707.3333333333333
Myanmar,2021-05,2471,971,1,1335.0,1136.0,1815.0
Myanmar,2021-06,1295,652,1,2471.0,-1176.0,1700.3333333333333
Myanmar,2021-07,1305,868,1,1295.0,10.0,1690.3333333333333
Myanmar,2021-08,1220,817,1,1305.0,-85.0,1273.3333333333333
Myanmar,2021-09,1769,1305,1,1220.0,549.0,1431.3333333333333
Myanmar,2021-10,2073,1988,1,1769.0,304.0,1687.3333333333333
Myanmar,2021-11,1653,1774,1,2073.0,-420.0,1831.6666666666667
Myanmar,2021-12,1540,2006,1,1653.0,-113.0,1755.3333333333333
Myanmar,2022-01,2124,2287,1,1540.0,584.0,1772.3333333333333
Myanmar,2022-02,1474,1727,1,2124.0,-650.0,1712.6666666666667
Myanmar,2022-03,1357,1841,1,1474.0,-117.0,1651.6666666666667
Myanmar,2022-04,1813,2640,1,1357.0,456.0,1548.0
Myanmar,2022-05,1466,2061,1,1813.0,-347.0,1545.3333333333333
Myanmar,2022-06,1452,1916,1,1466.0,-14.0,1577.0
Myanmar,2022-07,1767,2460,1,1452.0,315.0,1561.6666666666667
Myanmar,2022-08,1487,1947,1,1767.0,-280.0,1568.6666666666667
Myanmar,2022-09,1629,1562,1,1487.0,142.0,1627.6666666666667
Myanmar,2022-10,1865,1958,1,1629.0,236.0,1660.3333333333333
Myanmar,2022-11,1601,1824,1,1865.0,-264.0,1698.3333333333333
Myanmar,2022-12,1694,1602,1,1601.0,93.0,1720.0
Myanmar,2023-01,1565,1583,1,1694.0,-129.0,1620.0
Myanmar,2023-02,1478,1634,1,1565.0,-87.0,1579.0
Myanmar,2023-03,1396,1901,1,1478.0,-82.0,1479.6666666666667
Myanmar,2023-04,1525,2073,1,1396.0,129.0,1466.3333333333333
Myanmar,2023-05,1342,1674,1,1525.0,-183.0,1421.0
Myanmar,2023-06,1292,1576,1,1342.0,-50.0,1386.3333333333333
Myanmar,2023-07,1736,1954,1,1292.0,444.0,1456.6666666666667
Myanmar,2023-08,1417,1528,1,1736.0,-319.0,1481.6666666666667
Myanmar,2023-09,1737,1651,1,1417.0,320.0,1630.0
Myanmar,2023-10,1468,1621,1,1737.0,-269.0,1540.6666666666667
Myanmar,2023-11,1782,2401,1,1468.0,314.0,1662.3333333333333
Myanmar,2023-12,2046,1723,1,1782.0,264.0,1765.3333333333333
Myanmar,2024-01,1494,1735,1,2046.0,-552.0,1774.0
Myanmar,2024-02,1426,1452,1,1494.0,-68.0,1655.3333333333333
Myanmar,2024-03,1840,2350,1,1426.0,414.0,1586.6666666666667
Myanmar,2024-04,1306,1590,1,1840.0,-534.0,1524.0
Myanmar,2024-05,1194,1475,1,1306.0,-112.0,1446.6666666666667
Myanmar,2024-06,1472,2062,1,1194.0,278.0,1324.0
Myanmar,2024-07,1248,2042,1,1472.0,-224.0,1304.6666666666667
Myanmar,2024-08,1555,2644,1,1248.0,307.0,1425.0
Myanmar,2024-09,1000,1036,1,1555.0,-555.0,1267.6666666666667
Myanmar,2024-10,1191,969,1,1000.0,191.0,1248.6666666666667
Myanmar,2024-11,1637,1608,1,1191.0,446.0,1276.0
Myanmar,2024-12,1228,1047,1,1637.0,-409.0,1352.0
Myanmar,2025-01,1242,1425,1,1228.0,14.0,1369.0
Myanmar,2025-02,1298,1294,1,1242.0,56.0,1256.0
Myanmar,2025-03,1423,1354,1,1298.0,125.0,1321.0
Myanmar,2025-04,1047,903,1,1423.0,-376.0,1256.0
Myanmar,2025-05,1393,1367,1,1047.0,346.0,1287.6666666666667
Myanmar,2025-06,1203,1183,1,1393.0,-190.0,1214.3333333333333
Myanmar,2025-07,1099,1151,1,1203.0,-104.0,1231.6666666666667
Myanmar,2025-08,1530,1881,1,1099.0,431.0,1277.3333333333333
Myanmar,2025-09,1046,1193,1,1530.0,-484.0,1225.0
Myanmar,2025-10,1031,1047,1,1046.0,-15.0,1202.3333333333333
Myanmar,2025-11,1307,1357,1,1031.0,276.0,1128.0
Myanmar,2025-12,1046,1338,1,1307.0,-261.0,1128.0
Myanmar,2026-01,1357,1320,1,1046.0,311.0,1236.6666666666667
Nauru,2023-10,1,0,0,1.0,0.0,1.0
Nepal,2021-03,124,1,0,458.0,-334.0,465.0
Nepal,2021-04,115,2,0,124.0,-9.0,232.33333333333334
Nepal,2021-05,144,1,0,115.0,29.0,127.66666666666667
Nepal,2021-06,201,0,0,144.0,57.0,153.33333333333334
Nepal,2021-07,377,0,0,201.0,176.0,240.66666666666666
Nepal,2021-08,147,0,0,377.0,-230.0,241.66666666666666
Nepal,2021-09,235,0,0,147.0,88.0,253.0
Nepal,2021-10,256,4,0,235.0,21.0,212.66666666666666
Nepal,2021-11,255,0,0,256.0,-1.0,248.66666666666666
Nepal,2021-12,177,0,0,255.0,-78.0,229.33333333333334
Nepal,2022-01,208,0,0,177.0,31.0,213.33333333333334
Nepal,2022-02,281,1,0,208.0,73.0,222.0
Nepal,2022-03,160,1,0,281.0,-121.0,216.33333333333334
Nepal,2022-04,186,2,0,160.0,26.0,209.0
Nepal,2022-05,364,3,0,186.0,178.0,236.66666666666666
Nepal,2022-06,403,1,0,364.0,39.0,317.6666666666667
Nepal,2022-07,513,0,1,403.0,110.0,426.6666666666667
Nepal,2022-08,241,0,0,513.0,-272.0,385.6666666666667
Nepal,2022-09,152,1,0,241.0,-89.0,302.0
Nepal,2022-10,80,2,0,152.0,-72.0,157.66666666666666
Nepal,2022-11,239,4,0,80.0,159.0,157.0
Nepal,2022-12,213,0,0,239.0,-26.0,177.33333333333334
Nepal,2023-01,112,0,0,213.0,-101.0,188.0
Nepal,2023-02,161,0,0,112.0,49.0,162.0
Nepal,2023-03,249,1,0,161.0,88.0,174.0
Nepal,2023-04,212,1,0,249.0,-37.0,207.33333333333334
Nepal,2023-05,281,0,0,212.0,69.0,247.33333333333334
Nepal,2023-06,247,0,0,281.0,-34.0,246.66666666666666
Nepal,2023-07,263,0,0,247.0,16.0,263.6666666666667
Nepal,2023-08,275,0,0,263.0,12.0,261.6666666666667
Nepal,2023-09,230,0,0,275.0,-45.0,256.0
Nepal,2023-10,125,0,0,230.0,-105.0,210.0
Nepal,2023-11,98,1,0,125.0,-27.0,151.0
Nepal,2023-12,230,6,0,98.0,132.0,151.0
Nepal,2024-01,139,0,0,230.0,-91.0,155.66666666666666
Nepal,2024-02,215,0,0,139.0,76.0,194.66666666666666
Nepal,2024-03,136,0,0,215.0,-79.0,163.33333333333334
Nepal,2024-04,103,1,0,136.0,-33.0,151.33333333333334
Nepal,2024-05,136,0,0,103.0,33.0,125.0
Nepal,2024-06,202,0,0,136.0,66.0,147.0
Nepal,2024-07,76,1,0,202.0,-126.0,138.0
Nepal,2024-08,144,2,0,76.0,68.0,140.66666666666666
Nepal,2024-09,122,0,0,144.0,-22.0,114.0
Nepal,2024-10,103,1,0,122.0,-19.0,123.0
Nepal,2024-11,92,0,0,103.0,-11.0,105.66666666666667
Nepal,2024-12,80,0,0,92.0,-12.0,91.66666666666667
Nepal,2025-01,68,0,0,80.0,-12.0,80.0
Nepal,2025-02,136,1,0,68.0,68.0,94.66666666666667
Nepal,2025-03,408,2,0,136.0,272.0,204.0
Nepal,2025-04,234,0,0,408.0,-174.0,259.3333333333333
Nepal,2025-05,155,0,0,234.0,-79.0,265.6666666666667
Nepal,2025-06,106,0,0,155.0,-49.0,165.0
Nepal,2025-07,141,1,0,106.0,35.0,134.0
Nepal,2025-08,212,1,0,141.0,71.0,153.0
Nepal,2025-09,264,75,0,212.0,52.0,205.66666666666666
Nepal,2025-10,76,1,0,264.0,-188.0,184.0
Nepal,2025-11,299,0,0,76.0,223.0,213.0
Nepal,2025-12,184,0,0,299.0,-115.0,186.33333333333334
Nepal,2026-01,94,1,0,184.0,-90.0,192.33333333333334
New Caledonia,2021-04,2,0,0,1.0,1.0,1.6666666666666667
New Caledonia,2021-05,5,0,0,2.0,3.0,2.6666666666666665
New Caledonia,2021-07,4,0,0,5.0,-1.0,3.6666666666666665
New Caledonia,2021-09,2,0,0,4.0,-2.0,3.6666666666666665
New Caledonia,2021-10,2,0,0,2.0,0.0,2.6666666666666665
New Caledonia,2021-11,3,0,0,2.0,1.0,2.3333333333333335
New Caledonia,2021-12,3,0,0,3.0,0.0,2.6666666666666665
New Caledonia,2022-01,4,0,0,3.0,1.0,3.3333333333333335
New Caledonia,2022-02,5,0,0,4.0,1.0,4.0
New Caledonia,2022-03,3,0,0,5.0,-2.0,4.0
New Caledonia,2022-04,8,0,0,3.0,5.0,5.333333333333333
New Caledonia,2022-05,5,0,0,8.0,-3.0,5.333333333333333
New Caledonia,2022-06,3,0,0,5.0,-2.0,5.333333333333333
New Caledonia,2022-07,2,0,0,3.0,-1.0,3.3333333333333335
New Caledonia,2022-08,4,0,0,2.0,2.0,3.0
New Caledonia,2022-09,4,0,0,4.0,0.0,3.3333333333333335
New Caledonia,2022-10,4,0,0,4.0,0.0,4.0
New Caledonia,2022-11,7,0,0,4.0,3.0,5.0
New Caledonia,2022-12,2,0,0,7.0,-5.0,4.333333333333333
New Caledonia,2023-01,2,0,0,2.0,0.0,3.6666666666666665
New Caledonia,2023-02,13,0,0,2.0,11.0,5.666666666666667
New Caledonia,2023-03,16,0,0,13.0,3.0,10.333333333333334
New Caledonia,2023-04,2,0,0,16.0,-14.0,10.333333333333334
New Caledonia,2023-05,3,0,0,2.0,1.0,7.0
New Caledonia,2023-07,16,0,0,3.0,13.0,7.0
New Caledonia,2023-08,3,0,0,16.0,-13.0,7.333333333333333
New Caledonia,2023-10,1,0,0,3.0,-2.0,6.666666666666667
New Caledonia,2023-11,6,0,0,1.0,5.0,3.3333333333333335
New Caledonia,2023-12,5,0,0,6.0,-1.0,4.0
New Caledonia,2024-01,3,0,0,5.0,-2.0,4.666666666666667
New Caledonia,2024-02,4,0,0,3.0,1.0,4.0
New Caledonia,2024-03,10,0,0,4.0,6.0,5.666666666666667
New Caledonia,2024-04,18,0,0,10.0,8.0,10.666666666666666
New Caledonia,2024-05,61,12,0,18.0,43.0,29.666666666666668
New Caledonia,2024-06,58,3,0,61.0,-3.0,45.666666666666664
New Caledonia,2024-07,44,1,0,58.0,-14.0,54.333333333333336
New Caledonia,2024-08,14,1,0,44.0,-30.0,38.666666666666664
New Caledonia,2024-09,16,2,0,14.0,2.0,24.666666666666668
New Caledonia,2024-10,1,0,0,16.0,-15.0,10.333333333333334
New Caledonia,2025-02,4,0,0,1.0,3.0,7.0
New Caledonia,2025-03,1,0,0,4.0,-3.0,2.0
New Caledonia,2025-04,1,0,0,1.0,0.0,2.0
New Caledonia,2025-05,11,0,0,1.0,10.0,4.333333333333333
New Caledonia,2025-06,3,0,0,11.0,-8.0,5.0
New Caledonia,2025-07,1,0,0,3.0,-2.0,5.0
New Caledonia,2025-08,6,0,0,1.0,5.0,3.3333333333333335
New Caledonia,2025-09,1,0,0,6.0,-5.0,2.6666666666666665
New Caledonia,2025-10,3,0,0,1.0,2.0,3.3333333333333335
New Caledonia,2025-11,2,0,0,3.0,-1.0,2.0
New Caledonia,2025-12,1,0,0,2.0,-1.0,2.0
New Zealand,2021-03,14,0,0,11.0,3.0,13.333333333333334
New Zealand,2021-04,22,0,0,14.0,8.0,15.666666666666666
New Zealand,2021-05,32,0,0,22.0,10.0,22.666666666666668
New Zealand,2021-06,17,0,0,32.0,-15.0,23.666666666666668
New Zealand,2021-07,34,0,0,17.0,17.0,27.666666666666668
New Zealand,2021-08,23,1,0,34.0,-11.0,24.666666666666668
New Zealand,2021-09,6,0,0,23.0,-17.0,21.0
New Zealand,2021-10,24,0,0,6.0,18.0,17.666666666666668
New Zealand,2021-11,32,0,0,24.0,8.0,20.666666666666668
New Zealand,2021-12,11,0,0,32.0,-21.0,22.333333333333332
New Zealand,2022-01,22,0,0,11.0,11.0,21.666666666666668
New Zealand,2022-02,73,0,0,22.0,51.0,35.333333333333336
New Zealand,2022-03,29,0,0,73.0,-44.0,41.333333333333336
New Zealand,2022-04,25,0,0,29.0,-4.0,42.333333333333336
New Zealand,2022-05,30,0,0,25.0,5.0,28.0
New Zealand,2022-06,11,0,0,30.0,-19.0,22.0
New Zealand,2022-07,17,0,0,11.0,6.0,19.333333333333332
New Zealand,2022-08,22,0,0,17.0,5.0,16.666666666666668
New Zealand,2022-09,26,0,0,22.0,4.0,21.666666666666668
New Zealand,2022-10,28,0,0,26.0,2.0,25.333333333333332
New Zealand,2022-11,18,0,0,28.0,-10.0,24.0
New Zealand,2022-12,9,0,0,18.0,-9.0,18.333333333333332
New Zealand,2023-01,3,0,0,9.0,-6.0,10.0
New Zealand,2023-02,19,0,0,3.0,16.0,10.333333333333334
New Zealand,2023-03,34,0,0,19.0,15.0,18.666666666666668
New Zealand,2023-04,24,0,0,34.0,-10.0,25.666666666666668
New Zealand,2023-05,28,0,0,24.0,4.0,28.666666666666668
New Zealand,2023-06,14,0,0,28.0,-14.0,22.0
New Zealand,2023-07,16,0,0,14.0,2.0,19.333333333333332
New Zealand,2023-08,8,0,0,16.0,-8.0,12.666666666666666
New Zealand,2023-09,20,0,0,8.0,12.0,14.666666666666666
New Zealand,2023-10,11,0,0,20.0,-9.0,13.0
New Zealand,2023-11,13,0,0,11.0,2.0,14.666666666666666
New Zealand,2023-12,25,0,0,13.0,12.0,16.333333333333332
New Zealand,2024-01,34,0,0,25.0,9.0,24.0
New Zealand,2024-02,26,0,0,34.0,-8.0,28.333333333333332
New Zealand,2024-03,44,0,0,26.0,18.0,34.666666666666664
New Zealand,2024-04,17,0,0,44.0,-27.0,29.0
New Zealand,2024-05,40,0,0,17.0,23.0,33.666666666666664
New Zealand,2024-06,18,0,0,40.0,-22.0,25.0
New Zealand,2024-07,8,0,0,18.0,-10.0,22.0
New Zealand,2024-08,12,0,0,8.0,4.0,12.666666666666666
New Zealand,2024-09,23,0,0,12.0,11.0,14.333333333333334
New Zealand,2024-10,19,0,0,23.0,-4.0,18.0
New Zealand,2024-11,20,0,0,19.0,1.0,20.666666666666668
New Zealand,2024-12,5,0,0,20.0,-15.0,14.666666666666666
New Zealand,2025-01,3,0,0,5.0,-2.0,9.333333333333334
New Zealand,2025-02,9,0,0,3.0,6.0,5.666666666666667
New Zealand,2025-03,15,0,0,9.0,6.0,9.0
New Zealand,2025-04,6,0,0,15.0,-9.0,10.0
New Zealand,2025-05,33,0,0,6.0,27.0,18.0
New Zealand,2025-06,6,0,0,33.0,-27.0,15.0
New Zealand,2025-07,16,0,0,6.0,10.0,18.333333333333332
New Zealand,2025-08,17,0,0,16.0,1.0,13.0
New Zealand,2025-09,7,0,0,17.0,-10.0,13.333333333333334
New Zealand,2025-10,20,0,0,7.0,13.0,14.666666666666666
New Zealand,2025-11,5,0,0,20.0,-15.0,10.666666666666666
New Zealand,2025-12,6,0,0,5.0,1.0,10.333333333333334
New Zealand,2026-01,7,0,0,6.0,1.0,6.0
North Korea,2021-03,10,9,0,11.0,-1.0,12.0
North Korea,2021-04,16,1,0,10.0,6.0,12.333333333333334
North Korea,2021-05,18,4,0,16.0,2.0,14.666666666666666
North Korea,2021-06,4,2,0,18.0,-14.0,12.666666666666666
North Korea,2021-07,9,5,0,4.0,5.0,10.333333333333334
North Korea,2021-08,2,1,0,9.0,-7.0,5.0
North Korea,2021-09,9,1,0,2.0,7.0,6.666666666666667
North Korea,2021-10,7,0,0,9.0,-2.0,6.0
North Korea,2021-11,5,1,0,7.0,-2.0,7.0
North Korea,2022-01,11,0,0,5.0,6.0,7.666666666666667
North Korea,2022-02,3,1,0,11.0,-8.0,6.333333333333333
North Korea,2022-03,11,20,0,3.0,8.0,8.333333333333334
North Korea,2022-04,7,0,0,11.0,-4.0,7.0
North Korea,2022-05,9,2,0,7.0,2.0,9.0
North Korea,2022-06,3,0,0,9.0,-6.0,6.333333333333333
North Korea,2022-07,11,4,0,3.0,8.0,7.666666666666667
North Korea,2022-08,7,1,0,11.0,-4.0,7.0
North Korea,2022-09,17,1,0,7.0,10.0,11.666666666666666
North Korea,2022-10,43,4,0,17.0,26.0,22.333333333333332
North Korea,2022-11,10,2,0,43.0,-33.0,23.333333333333332
North Korea,2022-12,10,1,0,10.0,0.0,21.0
North Korea,2023-01,2,5,0,10.0,-8.0,7.333333333333333
North Korea,2023-02,10,0,0,2.0,8.0,7.333333333333333
North Korea,2023-03,12,0,0,10.0,2.0,8.0
North Korea,2023-04,4,1,0,12.0,-8.0,8.666666666666666
North Korea,2023-05,5,5,0,4.0,1.0,7.0
North Korea,2023-06,7,0,0,5.0,2.0,5.333333333333333
North Korea,2023-07,6,0,0,7.0,-1.0,6.0
North Korea,2023-08,6,1,0,6.0,0.0,6.333333333333333
North Korea,2023-09,6,0,0,6.0,0.0,6.0
North Korea,2023-11,6,0,0,6.0,0.0,6.0
North Korea,2023-12,3,0,0,6.0,-3.0,5.0
North Korea,2024-01,9,0,0,3.0,6.0,6.0
North Korea,2024-02,1,0,0,9.0,-8.0,4.333333333333333
North Korea,2024-03,6,0,0,1.0,5.0,5.333333333333333
North Korea,2024-04,1,0,0,6.0,-5.0,2.6666666666666665
North Korea,2024-05,4,0,0,1.0,3.0,3.6666666666666665
North Korea,2024-06,8,30,0,4.0,4.0,4.333333333333333
North Korea,2024-07,2,0,0,8.0,-6.0,4.666666666666667
North Korea,2024-08,7,0,0,2.0,5.0,5.666666666666667
North Korea,2024-09,8,0,0,7.0,1.0,5.666666666666667
North Korea,2024-10,12,0,0,8.0,4.0,9.0
North Korea,2024-11,12,0,0,12.0,0.0,10.666666666666666
North Korea,2025-01,4,0,0,12.0,-8.0,9.333333333333334
North Korea,2025-02,4,0,0,4.0,0.0,6.666666666666667
North Korea,2025-03,5,0,0,4.0,1.0,4.333333333333333
North Korea,2025-04,6,0,0,5.0,1.0,5.0
North Korea,2025-05,10,0,0,6.0,4.0,7.0
North Korea,2025-06,10,0,0,10.0,0.0,8.666666666666666
North Korea,2025-07,12,0,0,10.0,2.0,10.666666666666666
North Korea,2025-08,8,0,0,12.0,-4.0,10.0
North Korea,2025-09,13,1,0,8.0,5.0,11.0
North Korea,2025-10,10,0,0,13.0,-3.0,10.333333333333334
North Korea,2025-11,10,0,0,10.0,0.0,11.0
North Korea,2025-12,4,0,0,10.0,-6.0,8.0
North Korea,2026-01,7,0,0,4.0,3.0,7.0
Northern Mariana Islands,2021-08,2,0,0,2.0,0.0,1.6666666666666667
Northern Mariana Islands,2021-12,1,0,0,2.0,-1.0,1.6666666666666667
Northern Mariana Islands,2023-02,1,0,0,1.0,0.0,1.3333333333333333
Northern Mariana Islands,2023-11,1,0,0,1.0,0.0,1.0
Northern Mariana Islands,2024-05,1,0,0,1.0,0.0,1.0
Northern Mariana Islands,2025-03,1,0,0,1.0,0.0,1.0
Northern Mariana Islands,2025-04,1,0,0,1.0,0.0,1.0
Pakistan,2021-03,539,101,1,432.0,107.0,646.0
Pakistan,2021-04,472,99,1,539.0,-67.0,481.0
Pakistan,2021-05,854,152,1,472.0,382.0,621.6666666666666
Pakistan,2021-06,705,128,1,854.0,-149.0,677.0
Pakistan,2021-07,761,125,1,705.0,56.0,773.3333333333334
Pakistan,2021-08,587,145,1,761.0,-174.0,684.3333333333334
Pakistan,2021-09,600,147,1,587.0,13.0,649.3333333333334
Pakistan,2021-10,927,140,1,600.0,327.0,704.6666666666666
Pakistan,2021-11,503,64,1,927.0,-424.0,676.6666666666666
Pakistan,2021-12,625,90,1,503.0,122.0,685.0
Pakistan,2022-01,720,191,1,625.0,95.0,616.0
Pakistan,2022-02,743,211,1,720.0,23.0,696.0
Pakistan,2022-03,555,149,1,743.0,-188.0,672.6666666666666
Pakistan,2022-04,737,154,1,555.0,182.0,678.3333333333334
Pakistan,2022-05,600,99,1,737.0,-137.0,630.6666666666666
Pakistan,2022-06,810,139,1,600.0,210.0,715.6666666666666
Pakistan,2022-07,838,190,1,810.0,28.0,749.3333333333334
Pakistan,2022-08,610,81,1,838.0,-228.0,752.6666666666666
Pakistan,2022-09,645,128,1,610.0,35.0,697.6666666666666
Pakistan,2022-10,1068,218,1,645.0,423.0,774.3333333333334
Pakistan,2022-11,657,125,1,1068.0,-411.0,790.0
Pakistan,2022-12,807,192,1,657.0,150.0,844.0
Pakistan,2023-01,701,193,1,807.0,-106.0,721.6666666666666
Pakistan,2023-02,701,158,1,701.0,0.0,736.3333333333334
Pakistan,2023-03,687,130,1,701.0,-14.0,696.3333333333334
Pakistan,2023-04,729,206,1,687.0,42.0,705.6666666666666
Pakistan,2023-05,775,224,1,729.0,46.0,730.3333333333334
Pakistan,2023-06,530,126,1,775.0,-245.0,678.0
Pakistan,2023-07,865,232,1,530.0,335.0,723.3333333333334
Pakistan,2023-08,986,200,1,865.0,121.0,793.6666666666666
Pakistan,2023-09,929,300,1,986.0,-57.0,926.6666666666666
Pakistan,2023-10,824,214,1,929.0,-105.0,913.0
Pakistan,2023-11,584,181,1,824.0,-240.0,779.0
Pakistan,2023-12,811,222,1,584.0,227.0,739.6666666666666
Pakistan,2024-01,682,204,1,811.0,-129.0,692.3333333333334
Pakistan,2024-02,879,199,1,682.0,197.0,790.6666666666666
Pakistan,2024-03,935,187,1,879.0,56.0,832.0
Pakistan,2024-04,713,212,1,935.0,-222.0,842.3333333333334
Pakistan,2024-05,906,191,1,713.0,193.0,851.3333333333334
Pakistan,2024-06,955,170,1,906.0,49.0,858.0
Pakistan,2024-07,746,214,1,955.0,-209.0,869.0
Pakistan,2024-08,935,351,1,746.0,189.0,878.6666666666666
Pakistan,2024-09,950,230,1,935.0,15.0,877.0
Pakistan,2024-10,819,327,1,950.0,-131.0,901.3333333333334
Pakistan,2024-11,980,518,1,819.0,161.0,916.3333333333334
Pakistan,2024-12,682,261,1,980.0,-298.0,827.0
Pakistan,2025-01,889,354,1,682.0,207.0,850.3333333333334
Pakistan,2025-02,947,376,1,889.0,58.0,839.3333333333334
Pakistan,2025-03,1236,523,1,947.0,289.0,1024.0
Pakistan,2025-04,1215,397,1,1236.0,-21.0,1132.6666666666667
Pakistan,2025-05,1111,501,1,1215.0,-104.0,1187.3333333333333
Pakistan,2025-06,876,334,1,1111.0,-235.0,1067.3333333333333
Pakistan,2025-07,780,346,1,876.0,-96.0,922.3333333333334
Pakistan,2025-08,973,423,1,780.0,193.0,876.3333333333334
Pakistan,2025-09,1006,563,1,973.0,33.0,919.6666666666666
Pakistan,2025-10,843,609,1,1006.0,-163.0,940.6666666666666
Pakistan,2025-11,1011,518,1,843.0,168.0,953.3333333333334
Pakistan,2025-12,532,373,1,1011.0,-479.0,795.3333333333334
Pakistan,2026-01,808,661,1,532.0,276.0,783.6666666666666
Palau,2025-03,1,0,0,1.0,0.0,1.0
Papua New Guinea,2021-03,11,4,0,13.0,-2.0,14.666666666666666
Papua New Guinea,2021-04,20,50,0,11.0,9.0,14.666666666666666
Papua New Guinea,2021-05,17,21,0,20.0,-3.0,16.0
Papua New Guinea,2021-06,13,24,0,17.0,-4.0,16.666666666666668
Papua New Guinea,2021-07,13,22,0,13.0,0.0,14.333333333333334
Papua New Guinea,2021-08,16,9,0,13.0,3.0,14.0
Papua New Guinea,2021-09,13,5,0,16.0,-3.0,14.0
Papua New Guinea,2021-10,9,3,0,13.0,-4.0,12.666666666666666
Papua New Guinea,2021-11,14,17,0,9.0,5.0,12.0
Papua New Guinea,2021-12,11,39,0,14.0,-3.0,11.333333333333334
Papua New Guinea,2022-01,14,15,0,11.0,3.0,13.0
Papua New Guinea,2022-02,8,1,0,14.0,-6.0,11.0
Papua New Guinea,2022-03,11,10,0,8.0,3.0,11.0
Papua New Guinea,2022-04,29,14,0,11.0,18.0,16.0
Papua New Guinea,2022-05,16,23,0,29.0,-13.0,18.666666666666668
Papua New Guinea,2022-06,22,12,0,16.0,6.0,22.333333333333332
Papua New Guinea,2022-07,43,46,0,22.0,21.0,27.0
Papua New Guinea,2022-08,25,26,0,43.0,-18.0,30.0
Papua New Guinea,2022-09,19,22,0,25.0,-6.0,29.0
Papua New Guinea,2022-10,21,39,0,19.0,2.0,21.666666666666668
Papua New Guinea,2022-11,16,18,0,21.0,-5.0,18.666666666666668
Papua New Guinea,2022-12,15,34,0,16.0,-1.0,17.333333333333332
Papua New Guinea,2023-01,15,15,0,15.0,0.0,15.333333333333334
Papua New Guinea,2023-02,22,4,0,15.0,7.0,17.333333333333332
Papua New Guinea,2023-03,11,6,0,22.0,-11.0,16.0
Papua New Guinea,2023-04,28,33,0,11.0,17.0,20.333333333333332
Papua New Guinea,2023-05,27,26,0,28.0,-1.0,22.0
Papua New Guinea,2023-06,38,23,0,27.0,11.0,31.0
Papua New Guinea,2023-07,50,35,0,38.0,12.0,38.333333333333336
Papua New Guinea,2023-08,31,82,0,50.0,-19.0,39.666666666666664
Papua New Guinea,2023-09,33,13,0,31.0,2.0,38.0
Papua New Guinea,2023-10,26,19,0,33.0,-7.0,30.0
Papua New Guinea,2023-11,57,34,0,26.0,31.0,38.666666666666664
Papua New Guinea,2023-12,40,63,0,57.0,-17.0,41.0
Papua New Guinea,2024-01,36,33,0,40.0,-4.0,44.333333333333336
Papua New Guinea,2024-02,19,56,0,36.0,-17.0,31.666666666666668
Papua New Guinea,2024-03,27,11,0,19.0,8.0,27.333333333333332
Papua New Guinea,2024-04,31,46,0,27.0,4.0,25.666666666666668
Papua New Guinea,2024-05,18,20,0,31.0,-13.0,25.333333333333332
Papua New Guinea,2024-06,28,10,0,18.0,10.0,25.666666666666668
Papua New Guinea,2024-07,32,34,0,28.0,4.0,26.0
Papua New Guinea,2024-08,18,4,0,32.0,-14.0,26.0
Papua New Guinea,2024-09,44,48,0,18.0,26.0,31.333333333333332
Papua New Guinea,2024-10,25,18,0,44.0,-19.0,29.0
Papua New Guinea,2024-11,34,40,0,25.0,9.0,34.333333333333336
Papua New Guinea,2024-12,18,13,0,34.0,-16.0,25.666666666666668
Papua New Guinea,2025-01,23,10,0,18.0,5.0,25.0
Papua New Guinea,2025-02,17,6,0,23.0,-6.0,19.333333333333332
Papua New Guinea,2025-03,31,14,0,17.0,14.0,23.666666666666668
Papua New Guinea,2025-04,12,5,0,31.0,-19.0,20.0
Papua New Guinea,2025-05,21,19,0,12.0,9.0,21.333333333333332
Papua New Guinea,2025-06,17,8,0,21.0,-4.0,16.666666666666668
Papua New Guinea,2025-07,19,3,0,17.0,2.0,19.0
Papua New Guinea,2025-08,38,30,0,19.0,19.0,24.666666666666668
Papua New Guinea,2025-09,27,25,0,38.0,-11.0,28.0
Papua New Guinea,2025-10,29,7,0,27.0,2.0,31.333333333333332
Papua New Guinea,2025-11,35,17,0,29.0,6.0,30.333333333333332
Papua New Guinea,2025-12,26,11,0,35.0,-9.0,30.0
Papua New Guinea,2026-01,31,12,0,26.0,5.0,30.666666666666668
Philippines,2021-03,148,123,0,146.0,2.0,158.66666666666666
Philippines,2021-04,101,97,0,148.0,-47.0,131.66666666666666
Philippines,2021-05,137,145,0,101.0,36.0,128.66666666666666
Philippines,2021-06,120,106,0,137.0,-17.0,119.33333333333333
Philippines,2021-07,121,80,0,120.0,1.0,126.0
Philippines,2021-08,98,87,0,121.0,-23.0,113.0
Philippines,2021-09,81,78,0,98.0,-17.0,100.0
Philippines,2021-10,83,61,0,81.0,2.0,87.33333333333333
Philippines,2021-11,80,53,0,83.0,-3.0,81.33333333333333
Philippines,2021-12,73,55,0,80.0,-7.0,78.66666666666667
Philippines,2022-01,93,72,0,73.0,20.0,82.0
Philippines,2022-02,95,100,0,93.0,2.0,87.0
Philippines,2022-03,108,59,0,95.0,13.0,98.66666666666667
Philippines,2022-04,120,94,0,108.0,12.0,107.66666666666667
Philippines,2022-05,146,71,0,120.0,26.0,124.66666666666667
Philippines,2022-06,121,96,0,146.0,-25.0,129.0
Philippines,2022-07,104,78,0,121.0,-17.0,123.66666666666667
Philippines,2022-08,87,73,0,104.0,-17.0,104.0
Philippines,2022-09,87,44,0,87.0,0.0,92.66666666666667
Philippines,2022-10,118,91,0,87.0,31.0,97.33333333333333
Philippines,2022-11,109,111,0,118.0,-9.0,104.66666666666667
Philippines,2022-12,67,50,0,109.0,-42.0,98.0
Philippines,2023-01,95,64,0,67.0,28.0,90.33333333333333
Philippines,2023-02,97,83,0,95.0,2.0,86.33333333333333
Philippines,2023-03,111,75,0,97.0,14.0,101.0
Philippines,2023-04,150,98,0,111.0,39.0,119.33333333333333
Philippines,2023-05,71,67,0,150.0,-79.0,110.66666666666667
Philippines,2023-06,99,65,0,71.0,28.0,106.66666666666667
Philippines,2023-07,98,49,0,99.0,-1.0,89.33333333333333
Philippines,2023-08,83,52,0,98.0,-15.0,93.33333333333333
Philippines,2023-09,139,79,0,83.0,56.0,106.66666666666667
Philippines,2023-10,91,49,0,139.0,-48.0,104.33333333333333
Philippines,2023-11,134,67,0,91.0,43.0,121.33333333333333
Philippines,2023-12,103,107,0,134.0,-31.0,109.33333333333333
Philippines,2024-01,68,55,0,103.0,-35.0,101.66666666666667
Philippines,2024-02,97,58,0,68.0,29.0,89.33333333333333
Philippines,2024-03,113,64,0,97.0,16.0,92.66666666666667
Philippines,2024-04,85,71,0,113.0,-28.0,98.33333333333333
Philippines,2024-05,98,46,0,85.0,13.0,98.66666666666667
Philippines,2024-06,115,54,0,98.0,17.0,99.33333333333333
Philippines,2024-07,71,50,0,115.0,-44.0,94.66666666666667
Philippines,2024-08,101,53,0,71.0,30.0,95.66666666666667
Philippines,2024-09,67,36,0,101.0,-34.0,79.66666666666667
Philippines,2024-10,56,60,0,67.0,-11.0,74.66666666666667
Philippines,2024-11,96,64,0,56.0,40.0,73.0
Philippines,2024-12,54,37,0,96.0,-42.0,68.66666666666667
Philippines,2025-01,71,35,0,54.0,17.0,73.66666666666667
Philippines,2025-02,76,38,0,71.0,5.0,67.0
Philippines,2025-03,158,56,0,76.0,82.0,101.66666666666667
Philippines,2025-04,94,51,0,158.0,-64.0,109.33333333333333
Philippines,2025-05,125,58,0,94.0,31.0,125.66666666666667
Philippines,2025-06,87,43,0,125.0,-38.0,102.0
Philippines,2025-07,61,46,0,87.0,-26.0,91.0
Philippines,2025-08,99,56,0,61.0,38.0,82.33333333333333
Philippines,2025-09,157,28,0,99.0,58.0,105.66666666666667
Philippines,2025-10,82,33,0,157.0,-75.0,112.66666666666667
Philippines,2025-11,141,54,0,82.0,59.0,126.66666666666667
Philippines,2025-12,51,36,0,141.0,-90.0,91.33333333333333
Philippines,2026-01,91,53,0,51.0,40.0,94.33333333333333
Samoa,2021-05,5,0,0,1.0,4.0,2.6666666666666665
Samoa,2021-07,5,0,0,5.0,0.0,3.6666666666666665
Samoa,2021-08,3,0,0,5.0,-2.0,4.333333333333333
Samoa,2021-09,2,0,0,3.0,-1.0,3.3333333333333335
Samoa,2022-03,2,0,0,2.0,0.0,2.3333333333333335
Samoa,2022-05,1,0,0,2.0,-1.0,1.6666666666666667
Samoa,2023-09,1,0,0,1.0,0.0,1.3333333333333333
Samoa,2023-12,1,0,0,1.0,0.0,1.0
Samoa,2024-01,1,0,0,1.0,0.0,1.0
Samoa,2025-08,1,0,0,1.0,0.0,1.0
Singapore,2021-05,1,0,0,1.0,0.0,1.0
Singapore,2021-10,1,0,0,1.0,0.0,1.0
Singapore,2022-04,2,0,0,1.0,1.0,1.3333333333333333
Singapore,2022-05,1,0,0,2.0,-1.0,1.3333333333333333
Singapore,2022-07,2,0,0,1.0,1.0,1.6666666666666667
Singapore,2022-09,1,0,0,2.0,-1.0,1.3333333333333333
Singapore,2022-10,1,0,0,1.0,0.0,1.3333333333333333
Singapore,2022-11,1,0,0,1.0,0.0,1.0
Singapore,2023-06,1,0,0,1.0,0.0,1.0
Singapore,2023-09,1,0,0,1.0,0.0,1.0
Singapore,2023-10,1,0,0,1.0,0.0,1.0
Singapore,2024-01,1,0,0,1.0,0.0,1.0
Singapore,2024-09,2,0,0,1.0,1.0,1.3333333333333333
Singapore,2024-10,2,0,0,2.0,0.0,1.6666666666666667
Singapore,2024-11,1,0,0,2.0,-1.0,1.6666666666666667
Singapore,2025-01,1,0,0,1.0,0.0,1.3333333333333333
Singapore,2025-05,1,0,0,1.0,0.0,1.0
Singapore,2025-10,1,0,0,1.0,0.0,1.0
Solomon Islands,2021-03,1,0,0,1.0,0.0,1.0
Solomon Islands,2021-04,1,0,0,1.0,0.0,1.0
Solomon Islands,2021-05,2,2,0,1.0,1.0,1.3333333333333333
Solomon Islands,2021-07,2,0,0,2.0,0.0,1.6666666666666667
Solomon Islands,2021-08,6,0,0,2.0,4.0,3.3333333333333335
Solomon Islands,2021-10,3,1,0,6.0,-3.0,3.6666666666666665
Solomon Islands,2021-11,13,3,0,3.0,10.0,7.333333333333333
Solomon Islands,2021-12,4,0,0,13.0,-9.0,6.666666666666667
Solomon Islands,2022-01,1,0,0,4.0,-3.0,6.0
Solomon Islands,2022-02,2,0,0,1.0,1.0,2.3333333333333335
Solomon Islands,2022-03,5,0,0,2.0,3.0,2.6666666666666665
Solomon Islands,2022-04,1,0,0,5.0,-4.0,2.6666666666666665
Solomon Islands,2022-05,1,1,0,1.0,0.0,2.3333333333333335
Solomon Islands,2022-06,1,0,0,1.0,0.0,1.0
Solomon Islands,2022-10,1,0,0,1.0,0.0,1.0
Solomon Islands,2022-12,1,1,0,1.0,0.0,1.0
Solomon Islands,2023-02,3,0,0,1.0,2.0,1.6666666666666667
Solomon Islands,2023-09,1,0,0,3.0,-2.0,1.6666666666666667
Solomon Islands,2024-04,1,0,0,1.0,0.0,1.6666666666666667
South Korea,2021-03,620,0,1,466.0,154.0,529.6666666666666
South Korea,2021-04,646,0,1,620.0,26.0,577.3333333333334
South Korea,2021-05,697,0,1,646.0,51.0,654.3333333333334
South Korea,2021-06,609,0,1,697.0,-88.0,650.6666666666666
South Korea,2021-07,401,0,0,609.0,-208.0,569.0
South Korea,2021-08,373,0,0,401.0,-28.0,461.0
South Korea,2021-09,400,0,0,373.0,27.0,391.3333333333333
South Korea,2021-10,630,0,1,400.0,230.0,467.6666666666667
South Korea,2021-11,548,0,1,630.0,-82.0,526.0
South Korea,2021-12,480,0,1,548.0,-68.0,552.6666666666666
South Korea,2022-01,488,0,1,480.0,8.0,505.3333333333333
South Korea,2022-02,560,0,1,488.0,72.0,509.3333333333333
South Korea,2022-03,409,0,0,560.0,-151.0,485.6666666666667
South Korea,2022-04,676,0,1,409.0,267.0,548.3333333333334
South Korea,2022-05,468,0,1,676.0,-208.0,517.6666666666666
South Korea,2022-06,555,0,1,468.0,87.0,566.3333333333334
South Korea,2022-07,576,0,1,555.0,21.0,533.0
South Korea,2022-08,423,0,0,576.0,-153.0,518.0
South Korea,2022-09,429,0,1,423.0,6.0,476.0
South Korea,2022-10,496,0,1,429.0,67.0,449.3333333333333
South Korea,2022-11,559,0,1,496.0,63.0,494.6666666666667
South Korea,2022-12,482,0,1,559.0,-77.0,512.3333333333334
South Korea,2023-01,340,0,0,482.0,-142.0,460.3333333333333
South Korea,2023-02,471,0,1,340.0,131.0,431.0
South Korea,2023-03,635,0,1,471.0,164.0,482.0
South Korea,2023-04,699,0,1,635.0,64.0,601.6666666666666
South Korea,2023-05,554,0,1,699.0,-145.0,629.3333333333334
South Korea,2023-06,590,0,1,554.0,36.0,614.3333333333334
South Korea,2023-07,623,0,1,590.0,33.0,589.0
South Korea,2023-08,526,0,1,623.0,-97.0,579.6666666666666
South Korea,2023-09,582,0,1,526.0,56.0,577.0
South Korea,2023-10,409,0,0,582.0,-173.0,505.6666666666667
South Korea,2023-11,503,0,1,409.0,94.0,498.0
South Korea,2023-12,420,0,0,503.0,-83.0,444.0
South Korea,2024-01,418,0,0,420.0,-2.0,447.0
South Korea,2024-02,375,0,0,418.0,-43.0,404.3333333333333
South Korea,2024-03,623,0,1,375.0,248.0,472.0
South Korea,2024-04,334,0,0,623.0,-289.0,444.0
South Korea,2024-05,426,0,0,334.0,92.0,461.0
South Korea,2024-06,547,0,1,426.0,121.0,435.6666666666667
South Korea,2024-07,399,0,0,547.0,-148.0,457.3333333333333
South Korea,2024-08,505,0,1,399.0,106.0,483.6666666666667
South Korea,2024-09,357,0,0,505.0,-148.0,420.3333333333333
South Korea,2024-10,422,0,0,357.0,65.0,428.0
South Korea,2024-11,789,0,1,422.0,367.0,522.6666666666666
South Korea,2024-12,649,0,1,789.0,-140.0,620.0
South Korea,2025-01,403,0,0,649.0,-246.0,613.6666666666666
South Korea,2025-02,453,0,1,403.0,50.0,501.6666666666667
South Korea,2025-03,773,0,1,453.0,320.0,543.0
South Korea,2025-04,553,0,1,773.0,-220.0,593.0
South Korea,2025-05,494,0,1,553.0,-59.0,606.6666666666666
South Korea,2025-06,514,0,1,494.0,20.0,520.3333333333334
South Korea,2025-07,482,0,1,514.0,-32.0,496.6666666666667
South Korea,2025-08,505,0,1,482.0,23.0,500.3333333333333
South Korea,2025-09,508,0,1,505.0,3.0,498.3333333333333
South Korea,2025-10,317,0,0,508.0,-191.0,443.3333333333333
South Korea,2025-11,626,0,1,317.0,309.0,483.6666666666667
South Korea,2025-12,370,0,0,626.0,-256.0,437.6666666666667
South Korea,2026-01,556,0,1,370.0,186.0,517.3333333333334
Sri Lanka,2021-03,85,0,0,75.0,10.0,87.0
Sri Lanka,2021-04,47,1,0,85.0,-38.0,69.0
Sri Lanka,2021-05,24,1,0,47.0,-23.0,52.0
Sri Lanka,2021-06,103,1,0,24.0,79.0,58.0
Sri Lanka,2021-07,191,0,0,103.0,88.0,106.0
Sri Lanka,2021-08,23,0,0,191.0,-168.0,105.66666666666667
Sri Lanka,2021-09,26,1,0,23.0,3.0,80.0
Sri Lanka,2021-10,152,0,0,26.0,126.0,67.0
Sri Lanka,2021-11,70,0,0,152.0,-82.0,82.66666666666667
Sri Lanka,2021-12,64,0,0,70.0,-6.0,95.33333333333333
Sri Lanka,2022-01,65,0,0,64.0,1.0,66.33333333333333
Sri Lanka,2022-02,48,0,0,65.0,-17.0,59.0
Sri Lanka,2022-03,81,0,0,48.0,33.0,64.66666666666667
Sri Lanka,2022-04,309,1,0,81.0,228.0,146.0
Sri Lanka,2022-05,135,7,0,309.0,-174.0,175.0
Sri Lanka,2022-06,110,0,0,135.0,-25.0,184.66666666666666
Sri Lanka,2022-07,86,2,0,110.0,-24.0,110.33333333333333
Sri Lanka,2022-08,87,0,0,86.0,1.0,94.33333333333333
Sri Lanka,2022-09,49,0,0,87.0,-38.0,74.0
Sri Lanka,2022-10,41,1,0,49.0,-8.0,59.0
Sri Lanka,2022-11,52,1,0,41.0,11.0,47.333333333333336
Sri Lanka,2022-12,83,0,0,52.0,31.0,58.666666666666664
Sri Lanka,2023-01,100,0,0,83.0,17.0,78.33333333333333
Sri Lanka,2023-02,76,1,0,100.0,-24.0,86.33333333333333
Sri Lanka,2023-03,96,0,0,76.0,20.0,90.66666666666667
Sri Lanka,2023-04,57,0,0,96.0,-39.0,76.33333333333333
Sri Lanka,2023-05,46,1,0,57.0,-11.0,66.33333333333333
Sri Lanka,2023-06,51,0,0,46.0,5.0,51.333333333333336
Sri Lanka,2023-07,95,0,0,51.0,44.0,64.0
Sri Lanka,2023-08,65,0,0,95.0,-30.0,70.33333333333333
Sri Lanka,2023-09,75,0,0,65.0,10.0,78.33333333333333
Sri Lanka,2023-10,96,0,0,75.0,21.0,78.66666666666667
Sri Lanka,2023-11,52,3,0,96.0,-44.0,74.33333333333333
Sri Lanka,2023-12,65,3,0,52.0,13.0,71.0
Sri Lanka,2024-01,70,0,0,65.0,5.0,62.333333333333336
Sri Lanka,2024-02,92,1,0,70.0,22.0,75.66666666666667
Sri Lanka,2024-03,109,0,0,92.0,17.0,90.33333333333333
Sri Lanka,2024-04,97,0,0,109.0,-12.0,99.33333333333333
Sri Lanka,2024-05,55,0,0,97.0,-42.0,87.0
Sri Lanka,2024-06,95,1,0,55.0,40.0,82.33333333333333
Sri Lanka,2024-07,68,1,0,95.0,-27.0,72.66666666666667
Sri Lanka,2024-08,52,0,0,68.0,-16.0,71.66666666666667
Sri Lanka,2024-09,49,2,0,52.0,-3.0,56.333333333333336
Sri Lanka,2024-10,39,0,0,49.0,-10.0,46.666666666666664
Sri Lanka,2024-11,46,0,0,39.0,7.0,44.666666666666664
Sri Lanka,2024-12,46,0,0,46.0,0.0,43.666666666666664
Sri Lanka,2025-01,45,0,0,46.0,-1.0,45.666666666666664
Sri Lanka,2025-02,53,0,0,45.0,8.0,48.0
Sri Lanka,2025-03,70,1,0,53.0,17.0,56.0
Sri Lanka,2025-04,36,1,0,70.0,-34.0,53.0
Sri Lanka,2025-05,76,0,0,36.0,40.0,60.666666666666664
Sri Lanka,2025-06,76,1,0,76.0,0.0,62.666666666666664
Sri Lanka,2025-07,68,1,0,76.0,-8.0,73.33333333333333
Sri Lanka,2025-08,126,3,0,68.0,58.0,90.0
Sri Lanka,2025-09,83,0,0,126.0,-43.0,92.33333333333333
Sri Lanka,2025-10,86,1,0,83.0,3.0,98.33333333333333
Sri Lanka,2025-11,90,0,0,86.0,4.0,86.33333333333333
Sri Lanka,2025-12,76,1,0,90.0,-14.0,84.0
Sri Lanka,2026-01,146,0,0,76.0,70.0,104.0
Taiwan,2021-03,83,0,0,67.0,16.0,83.33333333333333
Taiwan,2021-04,98,0,0,83.0,15.0,82.66666666666667
Taiwan,2021-05,73,0,0,98.0,-25.0,84.66666666666667
Taiwan,2021-06,25,0,0,73.0,-48.0,65.33333333333333
Taiwan,2021-07,36,0,0,25.0,11.0,44.666666666666664
Taiwan,2021-08,77,0,0,36.0,41.0,46.0
Taiwan,2021-09,52,0,0,77.0,-25.0,55.0
Taiwan,2021-10,94,0,0,52.0,42.0,74.33333333333333
Taiwan,2021-11,184,0,0,94.0,90.0,110.0
Taiwan,2021-12,294,0,0,184.0,110.0,190.66666666666666
Taiwan,2022-01,92,0,0,294.0,-202.0,190.0
Taiwan,2022-02,66,0,0,92.0,-26.0,150.66666666666666
Taiwan,2022-03,72,0,0,66.0,6.0,76.66666666666667
Taiwan,2022-04,59,0,0,72.0,-13.0,65.66666666666667
Taiwan,2022-05,68,0,0,59.0,9.0,66.33333333333333
Taiwan,2022-06,43,0,0,68.0,-25.0,56.666666666666664
Taiwan,2022-07,77,0,0,43.0,34.0,62.666666666666664
Taiwan,2022-08,70,0,0,77.0,-7.0,63.333333333333336
Taiwan,2022-09,71,0,0,70.0,1.0,72.66666666666667
Taiwan,2022-10,100,0,0,71.0,29.0,80.33333333333333
Taiwan,2022-11,91,0,0,100.0,-9.0,87.33333333333333
Taiwan,2022-12,58,0,0,91.0,-33.0,83.0
Taiwan,2023-01,27,0,0,58.0,-31.0,58.666666666666664
Taiwan,2023-02,44,0,0,27.0,17.0,43.0
Taiwan,2023-03,73,0,0,44.0,29.0,48.0
Taiwan,2023-04,139,0,0,73.0,66.0,85.33333333333333
Taiwan,2023-05,138,0,0,139.0,-1.0,116.66666666666667
Taiwan,2023-06,169,0,0,138.0,31.0,148.66666666666666
Taiwan,2023-07,158,0,0,169.0,-11.0,155.0
Taiwan,2023-08,120,0,0,158.0,-38.0,149.0
Taiwan,2023-09,161,0,0,120.0,41.0,146.33333333333334
Taiwan,2023-10,87,0,0,161.0,-74.0,122.66666666666667
Taiwan,2023-11,60,0,0,87.0,-27.0,102.66666666666667
Taiwan,2023-12,85,0,0,60.0,25.0,77.33333333333333
Taiwan,2024-01,56,0,0,85.0,-29.0,67.0
Taiwan,2024-02,54,0,0,56.0,-2.0,65.0
Taiwan,2024-03,97,0,0,54.0,43.0,69.0
Taiwan,2024-04,85,0,0,97.0,-12.0,78.66666666666667
Taiwan,2024-05,100,0,0,85.0,15.0,94.0
Taiwan,2024-06,99,0,0,100.0,-1.0,94.66666666666667
Taiwan,2024-07,65,0,0,99.0,-34.0,88.0
Taiwan,2024-08,88,0,0,65.0,23.0,84.0
Taiwan,2024-09,68,0,0,88.0,-20.0,73.66666666666667
Taiwan,2024-10,70,0,0,68.0,2.0,75.33333333333333
Taiwan,2024-11,89,0,0,70.0,19.0,75.66666666666667
Taiwan,2024-12,52,0,0,89.0,-37.0,70.33333333333333
Taiwan,2025-01,59,0,0,52.0,7.0,66.66666666666667
Taiwan,2025-02,54,0,0,59.0,-5.0,55.0
Taiwan,2025-03,92,0,0,54.0,38.0,68.33333333333333
Taiwan,2025-04,71,0,0,92.0,-21.0,72.33333333333333
Taiwan,2025-05,97,0,0,71.0,26.0,86.66666666666667
Taiwan,2025-06,79,0,0,97.0,-18.0,82.33333333333333
Taiwan,2025-07,73,0,0,79.0,-6.0,83.0
Taiwan,2025-08,90,0,0,73.0,17.0,80.66666666666667
Taiwan,2025-09,65,0,0,90.0,-25.0,76.0
Taiwan,2025-10,52,0,0,65.0,-13.0,69.0
Taiwan,2025-11,76,0,0,52.0,24.0,64.33333333333333
Taiwan,2025-12,73,0,0,76.0,-3.0,67.0
Taiwan,2026-01,67,0,0,73.0,-6.0,72.0
Thailand,2021-03,96,7,0,111.0,-15.0,92.33333333333333
Thailand,2021-04,209,6,0,96.0,113.0,138.66666666666666
Thailand,2021-05,173,7,0,209.0,-36.0,159.33333333333334
Thailand,2021-06,69,4,0,173.0,-104.0,150.33333333333334
Thailand,2021-07,117,9,0,69.0,48.0,119.66666666666667
Thailand,2021-08,110,6,0,117.0,-7.0,98.66666666666667
Thailand,2021-09,98,5,0,110.0,-12.0,108.33333333333333
Thailand,2021-10,105,6,0,98.0,7.0,104.33333333333333
Thailand,2021-11,56,3,0,105.0,-49.0,86.33333333333333
Thailand,2021-12,74,2,0,56.0,18.0,78.33333333333333
Thailand,2022-01,69,8,0,74.0,-5.0,66.33333333333333
Thailand,2022-02,46,1,0,69.0,-23.0,63.0
Thailand,2022-03,54,3,0,46.0,8.0,56.333333333333336
Thailand,2022-04,31,3,0,54.0,-23.0,43.666666666666664
Thailand,2022-05,30,0,0,31.0,-1.0,38.333333333333336
Thailand,2022-06,40,0,0,30.0,10.0,33.666666666666664
Thailand,2022-07,78,10,0,40.0,38.0,49.333333333333336
Thailand,2022-08,75,4,0,78.0,-3.0,64.33333333333333
Thailand,2022-09,42,3,0,75.0,-33.0,65.0
Thailand,2022-10,41,2,0,42.0,-1.0,52.666666666666664
Thailand,2022-11,58,6,0,41.0,17.0,47.0
Thailand,2022-12,37,3,0,58.0,-21.0,45.333333333333336
Thailand,2023-01,69,4,0,37.0,32.0,54.666666666666664
Thailand,2023-02,49,5,0,69.0,-20.0,51.666666666666664
Thailand,2023-03,30,1,0,49.0,-19.0,49.333333333333336
Thailand,2023-04,53,4,0,30.0,23.0,44.0
Thailand,2023-05,62,4,0,53.0,9.0,48.333333333333336
Thailand,2023-06,27,5,0,62.0,-35.0,47.333333333333336
Thailand,2023-07,80,7,0,27.0,53.0,56.333333333333336
Thailand,2023-08,50,8,0,80.0,-30.0,52.333333333333336
Thailand,2023-09,54,2,0,50.0,4.0,61.333333333333336
Thailand,2023-10,78,0,0,54.0,24.0,60.666666666666664
Thailand,2023-11,26,2,0,78.0,-52.0,52.666666666666664
Thailand,2023-12,29,16,0,26.0,3.0,44.333333333333336
Thailand,2024-01,30,2,0,29.0,1.0,28.333333333333332
Thailand,2024-02,61,5,0,30.0,31.0,40.0
Thailand,2024-03,83,5,0,61.0,22.0,58.0
Thailand,2024-04,32,9,0,83.0,-51.0,58.666666666666664
Thailand,2024-05,38,4,0,32.0,6.0,51.0
Thailand,2024-06,66,5,0,38.0,28.0,45.333333333333336
Thailand,2024-07,34,6,0,66.0,-32.0,46.0
Thailand,2024-08,34,2,0,34.0,0.0,44.666666666666664
Thailand,2024-09,21,0,0,34.0,-13.0,29.666666666666668
Thailand,2024-10,32,2,0,21.0,11.0,29.0
Thailand,2024-11,32,3,0,32.0,0.0,28.333333333333332
Thailand,2024-12,30,6,0,32.0,-2.0,31.333333333333332
Thailand,2025-01,13,7,0,30.0,-17.0,25.0
Thailand,2025-02,26,3,0,13.0,13.0,23.0
Thailand,2025-03,37,7,0,26.0,11.0,25.333333333333332
Thailand,2025-04,24,11,0,37.0,-13.0,29.0
Thailand,2025-05,27,9,0,24.0,3.0,29.333333333333332
Thailand,2025-06,25,3,0,27.0,-2.0,25.333333333333332
Thailand,2025-07,55,27,0,25.0,30.0,35.666666666666664
Thailand,2025-08,39,2,0,55.0,-16.0,39.666666666666664
Thailand,2025-09,19,3,0,39.0,-20.0,37.666666666666664
Thailand,2025-10,30,6,0,19.0,11.0,29.333333333333332
Thailand,2025-11,19,3,0,30.0,-11.0,22.666666666666668
Thailand,2025-12,137,11,0,19.0,118.0,62.0
Thailand,2026-01,27,1,0,137.0,-110.0,61.0
Tonga,2024-08,1,0,0,2.0,-1.0,1.3333333333333333
Tonga,2024-12,1,0,0,1.0,0.0,1.3333333333333333
Tonga,2025-11,1,0,0,1.0,0.0,1.0
Vanuatu,2021-11,1,0,0,1.0,0.0,1.0
Vanuatu,2022-05,1,0,0,1.0,0.0,1.0
Vanuatu,2022-09,1,1,0,1.0,0.0,1.0
Vanuatu,2022-10,1,0,0,1.0,0.0,1.0
Vanuatu,2023-01,2,0,0,1.0,1.0,1.3333333333333333
Vanuatu,2023-08,1,0,0,2.0,-1.0,1.3333333333333333
Vanuatu,2023-09,2,0,0,1.0,1.0,1.6666666666666667
Vanuatu,2024-05,1,0,0,2.0,-1.0,1.3333333333333333
Vanuatu,2024-06,2,0,0,1.0,1.0,1.6666666666666667
Vanuatu,2025-01,1,0,0,2.0,-1.0,1.3333333333333333
Vietnam,2021-09,1,0,0,1.0,0.0,1.0
Vietnam,2022-01,1,0,0,1.0,0.0,1.0
Vietnam,2022-02,4,0,0,1.0,3.0,2.0
Vietnam,2022-03,2,0,0,4.0,-2.0,2.3333333333333335
Vietnam,2022-05,1,0,0,2.0,-1.0,2.3333333333333335
Vietnam,2022-07,1,0,0,1.0,0.0,1.3333333333333333
Vietnam,2022-08,1,0,0,1.0,0.0,1.0
Vietnam,2022-10,1,0,0,1.0,0.0,1.0
Vietnam,2023-01,3,0,0,1.0,2.0,1.6666666666666667
Vietnam,2023-04,2,0,0,3.0,-1.0,2.0
Vietnam,2023-06,1,9,0,2.0,-1.0,2.0
Vietnam,2023-09,2,1,0,1.0,1.0,1.6666666666666667
Vietnam,2023-10,9,0,0,2.0,7.0,4.0
Vietnam,2023-12,1,1,0,9.0,-8.0,4.0
Vietnam,2024-02,1,0,0,1.0,0.0,3.6666666666666665
Vietnam,2024-04,2,1,0,1.0,1.0,1.3333333333333333
Vietnam,2024-05,1,0,0,2.0,-1.0,1.3333333333333333
Vietnam,2024-07,1,0,0,1.0,0.0,1.3333333333333333
Vietnam,2025-03,1,0,0,1.0,0.0,1.0
Wallis and Futuna,2021-05,3,0,0,1.0,2.0,1.6666666666666667
Wallis and Futuna,2021-10,1,0,0,3.0,-2.0,1.6666666666666667
Wallis and Futuna,2021-12,2,0,0,1.0,1.0,2.0
Wallis and Futuna,2022-02,1,0,0,2.0,-1.0,1.3333333333333333
Wallis and Futuna,2022-03,1,0,0,1.0,0.0,1.3333333333333333
Wallis and Futuna,2022-04,1,0,0,1.0,0.0,1.0
Wallis and Futuna,2022-06,1,0,0,1.0,0.0,1.0
Wallis and Futuna,2023-02,1,0,0,1.0,0.0,1.0
Wallis and Futuna,2023-03,2,0,0,1.0,1.0,1.3333333333333333
Wallis and Futuna,2023-05,4,0,0,2.0,2.0,2.3333333333333335
Wallis and Futuna,2023-06,1,0,0,4.0,-3.0,2.3333333333333335
Wallis and Futuna,2023-07,2,0,0,1.0,1.0,2.3333333333333335
Wallis and Futuna,2023-11,2,0,0,2.0,0.0,1.6666666666666667
Wallis and Futuna,2024-04,1,0,0,2.0,-1.0,1.6666666666666667
Wallis and Futuna,2024-07,1,0,0,1.0,0.0,1.3333333333333333
Wallis and Futuna,2024-09,1,0,0,1.0,0.0,1.0
